,endTime,artistName,trackName,msPlayed,artist_and_song,energy,loudness,danceability,genres
0,2021-03-11 22:02,Florist,Vacation,42581,Florist - Vacation,0.269,-13.939,0.615,anti-folk
0,2021-03-11 22:02,Florist,Vacation,42581,Florist - Vacation,0.269,-13.939,0.615,indie pop
0,2021-03-11 22:02,Florist,Vacation,42581,Florist - Vacation,0.269,-13.939,0.615,lo-fi indie
0,2021-03-11 22:02,Florist,Vacation,42581,Florist - Vacation,0.269,-13.939,0.615,small room
1,2021-03-13 00:12,Penelope Scott,Cigarette Ahegao,183992,Penelope Scott - Cigarette Ahegao,0.286,-13.399,0.651,alt z
1,2021-03-13 00:12,Penelope Scott,Cigarette Ahegao,183992,Penelope Scott - Cigarette Ahegao,0.286,-13.399,0.651,indie pop
1,2021-03-13 00:12,Penelope Scott,Cigarette Ahegao,183992,Penelope Scott - Cigarette Ahegao,0.286,-13.399,0.651,modern indie pop
2,2021-03-13 00:15,Sir Chloe,Too Close,170575,Sir Chloe - Too Close,0.558,-5.728,0.42,indie pop
3,2021-03-13 00:16,Mother Mother,Problems,1718,Mother Mother - Problems,0.85,-3.653,0.629,indie pop
3,2021-03-13 00:16,Mother Mother,Problems,1718,Mother Mother - Problems,0.85,-3.653,0.629,vancouver indie
4,2021-03-13 00:16,beabadoobee,I Wish I Was Stephen Malkmus,1393,beabadoobee - I Wish I Was Stephen Malkmus,0.783,-3.954,0.44,bedroom pop
4,2021-03-13 00:16,beabadoobee,I Wish I Was Stephen Malkmus,1393,beabadoobee - I Wish I Was Stephen Malkmus,0.783,-3.954,0.44,bubblegrunge
4,2021-03-13 00:16,beabadoobee,I Wish I Was Stephen Malkmus,1393,beabadoobee - I Wish I Was Stephen Malkmus,0.783,-3.954,0.44,indie pop
5,2021-03-13 00:16,Forth Wanderers,Ages Ago,2670,Forth Wanderers - Ages Ago,0.617,-4.846,0.238,bubblegrunge
5,2021-03-13 00:16,Forth Wanderers,Ages Ago,2670,Forth Wanderers - Ages Ago,0.617,-4.846,0.238,new jersey indie
6,2021-03-13 00:16,LAKE,Roger Miller,0,LAKE - Roger Miller,0.436,-11.362,0.577,olympia wa indie
7,2021-03-13 00:16,Eyedress,Jealous,6037,Eyedress - Jealous,0.921,-10.431,0.474,noise pop
8,2021-03-13 00:16,TV Girl,Lovers Rock,33343,TV Girl - Lovers Rock,0.871,-5.338,0.559,indie pop
10,2021-03-13 00:19,Berhana,Janet,204000,Berhana - Janet,0.308,-8.194,0.81,alternative r&b
10,2021-03-13 00:19,Berhana,Janet,204000,Berhana - Janet,0.308,-8.194,0.81,chill r&b
10,2021-03-13 00:19,Berhana,Janet,204000,Berhana - Janet,0.308,-8.194,0.81,indie r&b
10,2021-03-13 00:19,Berhana,Janet,204000,Berhana - Janet,0.308,-8.194,0.81,indie soul
11,2021-03-13 00:20,Sorority Noise,Leave The Fan On,12049,Sorority Noise - Leave The Fan On,0.495,-8.227,0.454,alternative emo
11,2021-03-13 00:20,Sorority Noise,Leave The Fan On,12049,Sorority Noise - Leave The Fan On,0.495,-8.227,0.454,dreamo
11,2021-03-13 00:20,Sorority Noise,Leave The Fan On,12049,Sorority Noise - Leave The Fan On,0.495,-8.227,0.454,emo
11,2021-03-13 00:20,Sorority Noise,Leave The Fan On,12049,Sorority Noise - Leave The Fan On,0.495,-8.227,0.454,new england emo
12,2021-03-13 00:27,Christian Scott aTunde Adjuah,Of a New Cool,454472,Christian Scott aTunde Adjuah - Of a New Cool,0.753,-5.664,0.431,contemporary jazz
12,2021-03-13 00:27,Christian Scott aTunde Adjuah,Of a New Cool,454472,Christian Scott aTunde Adjuah - Of a New Cool,0.753,-5.664,0.431,experimental jazz
12,2021-03-13 00:27,Christian Scott aTunde Adjuah,Of a New Cool,454472,Christian Scott aTunde Adjuah - Of a New Cool,0.753,-5.664,0.431,indie jazz
12,2021-03-13 00:27,Christian Scott aTunde Adjuah,Of a New Cool,454472,Christian Scott aTunde Adjuah - Of a New Cool,0.753,-5.664,0.431,indie soul
12,2021-03-13 00:27,Christian Scott aTunde Adjuah,Of a New Cool,454472,Christian Scott aTunde Adjuah - Of a New Cool,0.753,-5.664,0.431,jazz
12,2021-03-13 00:27,Christian Scott aTunde Adjuah,Of a New Cool,454472,Christian Scott aTunde Adjuah - Of a New Cool,0.753,-5.664,0.431,jazz trumpet
12,2021-03-13 00:27,Christian Scott aTunde Adjuah,Of a New Cool,454472,Christian Scott aTunde Adjuah - Of a New Cool,0.753,-5.664,0.431,new orleans jazz
13,2021-03-13 00:30,Pogo,Giving,166894,Pogo - Giving,0.914,-9.478,0.715,plunderphonics
15,2021-03-13 00:33,Triptides,Where You Are,1184,Triptides - Where You Are,0.769,-6.858,0.477,indie garage rock
15,2021-03-13 00:33,Triptides,Where You Are,1184,Triptides - Where You Are,0.769,-6.858,0.477,neo-psychedelic
16,2021-03-13 00:33,Sweet Spirit,Let Me Be on Top,165466,Sweet Spirit - Let Me Be on Top,0.909,-2.664,0.137,austindie
18,2021-03-13 00:33,Car Seat Headrest,Not What I Needed,0,Car Seat Headrest - Not What I Needed,0.546,-6.707,0.362,alternative rock
18,2021-03-13 00:33,Car Seat Headrest,Not What I Needed,0,Car Seat Headrest - Not What I Needed,0.546,-6.707,0.362,indie pop
18,2021-03-13 00:33,Car Seat Headrest,Not What I Needed,0,Car Seat Headrest - Not What I Needed,0.546,-6.707,0.362,indie rock
19,2021-03-13 00:33,Dr. Dog,The Girl,2298,Dr. Dog - The Girl,0.761,-5.45,0.395,indie folk
19,2021-03-13 00:33,Dr. Dog,The Girl,2298,Dr. Dog - The Girl,0.761,-5.45,0.395,indie rock
19,2021-03-13 00:33,Dr. Dog,The Girl,2298,Dr. Dog - The Girl,0.761,-5.45,0.395,modern folk rock
19,2021-03-13 00:33,Dr. Dog,The Girl,2298,Dr. Dog - The Girl,0.761,-5.45,0.395,modern rock
19,2021-03-13 00:33,Dr. Dog,The Girl,2298,Dr. Dog - The Girl,0.761,-5.45,0.395,philly indie
19,2021-03-13 00:33,Dr. Dog,The Girl,2298,Dr. Dog - The Girl,0.761,-5.45,0.395,stomp and holler
21,2021-03-13 00:33,Frankie Cosmos,Fool,1137,Frankie Cosmos - Fool,0.435,-10.254,0.511,bedroom pop
21,2021-03-13 00:33,Frankie Cosmos,Fool,1137,Frankie Cosmos - Fool,0.435,-10.254,0.511,bubblegrunge
21,2021-03-13 00:33,Frankie Cosmos,Fool,1137,Frankie Cosmos - Fool,0.435,-10.254,0.511,indie garage rock
21,2021-03-13 00:33,Frankie Cosmos,Fool,1137,Frankie Cosmos - Fool,0.435,-10.254,0.511,indie pop
22,2021-03-13 00:33,Cicada Rhythm,Do Not Destroy,14744,Cicada Rhythm - Do Not Destroy,0.154,-16.716,0.396,deep new americana
23,2021-03-13 00:33,Bobby McFerrin,'Round Midnight - Live,0,Bobby McFerrin - 'Round Midnight - Live,0.0545,-27.152,0.226,a cappella
25,2021-03-13 00:33,Lomelda,Hannah Sun,0,Lomelda - Hannah Sun,0.266,-17.091,0.67,art pop
25,2021-03-13 00:33,Lomelda,Hannah Sun,0,Lomelda - Hannah Sun,0.266,-17.091,0.67,bubblegrunge
25,2021-03-13 00:33,Lomelda,Hannah Sun,0,Lomelda - Hannah Sun,0.266,-17.091,0.67,indie folk
25,2021-03-13 00:33,Lomelda,Hannah Sun,0,Lomelda - Hannah Sun,0.266,-17.091,0.67,indie pop
25,2021-03-13 00:33,Lomelda,Hannah Sun,0,Lomelda - Hannah Sun,0.266,-17.091,0.67,indie rock
25,2021-03-13 00:33,Lomelda,Hannah Sun,0,Lomelda - Hannah Sun,0.266,-17.091,0.67,lo-fi indie
25,2021-03-13 00:33,Lomelda,Hannah Sun,0,Lomelda - Hannah Sun,0.266,-17.091,0.67,small room
26,2021-03-13 00:33,Jimmy Whispers,Pain in My Love,1771,Jimmy Whispers - Pain in My Love,0.8,-3.003,0.48,chicago indie
27,2021-03-13 00:33,Jerry Paper,Chameleon World,487,Jerry Paper - Chameleon World,0.456,-12.52,0.851,experimental pop
27,2021-03-13 00:33,Jerry Paper,Chameleon World,487,Jerry Paper - Chameleon World,0.456,-12.52,0.851,indie garage rock
28,2021-03-13 00:33,Space Mountain,Anecdote of a Star,0,Space Mountain - Anecdote of a Star,0.552,-7.594,0.521,small room
29,2021-03-13 00:33,RIZ LA VIE,Napkins,2020,RIZ LA VIE - Napkins,0.444,-8.976,0.76,alternative r&b
29,2021-03-13 00:33,RIZ LA VIE,Napkins,2020,RIZ LA VIE - Napkins,0.444,-8.976,0.76,bedroom soul
29,2021-03-13 00:33,RIZ LA VIE,Napkins,2020,RIZ LA VIE - Napkins,0.444,-8.976,0.76,pop rap
30,2021-03-13 00:34,Dr. Dog,My Friend,1323,Dr. Dog - My Friend,0.775,-5.462,0.295,indie folk
30,2021-03-13 00:34,Dr. Dog,My Friend,1323,Dr. Dog - My Friend,0.775,-5.462,0.295,indie rock
30,2021-03-13 00:34,Dr. Dog,My Friend,1323,Dr. Dog - My Friend,0.775,-5.462,0.295,modern folk rock
30,2021-03-13 00:34,Dr. Dog,My Friend,1323,Dr. Dog - My Friend,0.775,-5.462,0.295,modern rock
30,2021-03-13 00:34,Dr. Dog,My Friend,1323,Dr. Dog - My Friend,0.775,-5.462,0.295,philly indie
30,2021-03-13 00:34,Dr. Dog,My Friend,1323,Dr. Dog - My Friend,0.775,-5.462,0.295,stomp and holler
31,2021-03-13 00:34,Patrick Sweany,After Awhile,46,Patrick Sweany - After Awhile,0.557,-8.07,0.41,deep new americana
31,2021-03-13 00:34,Patrick Sweany,After Awhile,46,Patrick Sweany - After Awhile,0.557,-8.07,0.41,modern blues rock
32,2021-03-13 00:34,Jeff Rosenstock,Pash Rash,0,Jeff Rosenstock - Pash Rash,0.84,-6.193,0.325,alternative emo
32,2021-03-13 00:34,Jeff Rosenstock,Pash Rash,0,Jeff Rosenstock - Pash Rash,0.84,-6.193,0.325,bubblegrunge
32,2021-03-13 00:34,Jeff Rosenstock,Pash Rash,0,Jeff Rosenstock - Pash Rash,0.84,-6.193,0.325,emo
32,2021-03-13 00:34,Jeff Rosenstock,Pash Rash,0,Jeff Rosenstock - Pash Rash,0.84,-6.193,0.325,folk punk
32,2021-03-13 00:34,Jeff Rosenstock,Pash Rash,0,Jeff Rosenstock - Pash Rash,0.84,-6.193,0.325,indie punk
32,2021-03-13 00:34,Jeff Rosenstock,Pash Rash,0,Jeff Rosenstock - Pash Rash,0.84,-6.193,0.325,indie rock
32,2021-03-13 00:34,Jeff Rosenstock,Pash Rash,0,Jeff Rosenstock - Pash Rash,0.84,-6.193,0.325,modern power pop
33,2021-03-13 00:34,Mild High Club,Homage,1718,Mild High Club - Homage,0.465,-8.167,0.546,indie garage rock
33,2021-03-13 00:34,Mild High Club,Homage,1718,Mild High Club - Homage,0.465,-8.167,0.546,neo-psychedelic
34,2021-03-13 00:34,Anderson .Paak,Water Fall (Interluuube),812,Anderson .Paak - Water Fall (Interluuube),0.494,-9.585,0.491,escape room
36,2021-03-13 00:34,SALES,Ivy,5433,SALES - Ivy,0.538,-9.025,0.746,orlando indie
37,2021-03-13 00:34,Shovels & Rope,Unknown Legend,975,Shovels & Rope - Unknown Legend,0.731,-5.632,0.587,alternative country
37,2021-03-13 00:34,Shovels & Rope,Unknown Legend,975,Shovels & Rope - Unknown Legend,0.731,-5.632,0.587,deep new americana
37,2021-03-13 00:34,Shovels & Rope,Unknown Legend,975,Shovels & Rope - Unknown Legend,0.731,-5.632,0.587,folk
37,2021-03-13 00:34,Shovels & Rope,Unknown Legend,975,Shovels & Rope - Unknown Legend,0.731,-5.632,0.587,indie folk
37,2021-03-13 00:34,Shovels & Rope,Unknown Legend,975,Shovels & Rope - Unknown Legend,0.731,-5.632,0.587,modern blues rock
37,2021-03-13 00:34,Shovels & Rope,Unknown Legend,975,Shovels & Rope - Unknown Legend,0.731,-5.632,0.587,new americana
37,2021-03-13 00:34,Shovels & Rope,Unknown Legend,975,Shovels & Rope - Unknown Legend,0.731,-5.632,0.587,roots rock
37,2021-03-13 00:34,Shovels & Rope,Unknown Legend,975,Shovels & Rope - Unknown Legend,0.731,-5.632,0.587,south carolina indie
37,2021-03-13 00:34,Shovels & Rope,Unknown Legend,975,Shovels & Rope - Unknown Legend,0.731,-5.632,0.587,stomp and holler
38,2021-03-13 00:34,Anderson .Paak,Heart Don't Stand a Chance,4749,Anderson .Paak - Heart Don't Stand a Chance,0.545,-6.189,0.685,escape room
40,2021-03-13 18:46,Julien Baker,Souvenir,38786,Julien Baker - Souvenir,0.299,-11.192,0.605,ambient folk
40,2021-03-13 18:46,Julien Baker,Souvenir,38786,Julien Baker - Souvenir,0.299,-11.192,0.605,art pop
40,2021-03-13 18:46,Julien Baker,Souvenir,38786,Julien Baker - Souvenir,0.299,-11.192,0.605,indie pop
40,2021-03-13 18:46,Julien Baker,Souvenir,38786,Julien Baker - Souvenir,0.299,-11.192,0.605,indie rock
41,2021-03-13 18:55,Julien Baker,"Ketchum, ID",15743,"Julien Baker - Ketchum, ID",0.104,-12.154,0.393,ambient folk
41,2021-03-13 18:55,Julien Baker,"Ketchum, ID",15743,"Julien Baker - Ketchum, ID",0.104,-12.154,0.393,art pop
41,2021-03-13 18:55,Julien Baker,"Ketchum, ID",15743,"Julien Baker - Ketchum, ID",0.104,-12.154,0.393,indie pop
41,2021-03-13 18:55,Julien Baker,"Ketchum, ID",15743,"Julien Baker - Ketchum, ID",0.104,-12.154,0.393,indie rock
42,2021-03-13 18:59,Julien Baker,"Ketchum, ID",217545,"Julien Baker - Ketchum, ID",0.104,-12.154,0.393,ambient folk
42,2021-03-13 18:59,Julien Baker,"Ketchum, ID",217545,"Julien Baker - Ketchum, ID",0.104,-12.154,0.393,art pop
42,2021-03-13 18:59,Julien Baker,"Ketchum, ID",217545,"Julien Baker - Ketchum, ID",0.104,-12.154,0.393,indie pop
42,2021-03-13 18:59,Julien Baker,"Ketchum, ID",217545,"Julien Baker - Ketchum, ID",0.104,-12.154,0.393,indie rock
43,2021-03-13 19:02,Lucy Dacus,...Familiar Place,175777,Lucy Dacus - ...Familiar Place,0.148,-17.775,0.213,art pop
43,2021-03-13 19:02,Lucy Dacus,...Familiar Place,175777,Lucy Dacus - ...Familiar Place,0.148,-17.775,0.213,bubblegrunge
43,2021-03-13 19:02,Lucy Dacus,...Familiar Place,175777,Lucy Dacus - ...Familiar Place,0.148,-17.775,0.213,indie pop
44,2021-03-13 19:06,Phoebe Bridgers,Summer's End - Spotify Singles,234079,Phoebe Bridgers - Summer's End - Spotify Singles,0.302,-13.722,0.471,indie pop
44,2021-03-13 19:06,Phoebe Bridgers,Summer's End - Spotify Singles,234079,Phoebe Bridgers - Summer's End - Spotify Singles,0.302,-13.722,0.471,la indie
45,2021-03-13 19:11,Courtney Barnett,Avant Gardener,312226,Courtney Barnett - Avant Gardener,0.737,-4.509,0.443,art pop
45,2021-03-13 19:11,Courtney Barnett,Avant Gardener,312226,Courtney Barnett - Avant Gardener,0.737,-4.509,0.443,australian indie
45,2021-03-13 19:11,Courtney Barnett,Avant Gardener,312226,Courtney Barnett - Avant Gardener,0.737,-4.509,0.443,indie pop
45,2021-03-13 19:11,Courtney Barnett,Avant Gardener,312226,Courtney Barnett - Avant Gardener,0.737,-4.509,0.443,indie rock
45,2021-03-13 19:11,Courtney Barnett,Avant Gardener,312226,Courtney Barnett - Avant Gardener,0.737,-4.509,0.443,melbourne indie
46,2021-03-13 19:15,Phoebe Bridgers,Motion Sickness,229760,Phoebe Bridgers - Motion Sickness,0.546,-9.021,0.651,indie pop
46,2021-03-13 19:15,Phoebe Bridgers,Motion Sickness,229760,Phoebe Bridgers - Motion Sickness,0.546,-9.021,0.651,la indie
47,2021-03-13 19:35,Big Thief,Masterpiece,214029,Big Thief - Masterpiece,0.705,-7.819,0.419,art pop
47,2021-03-13 19:35,Big Thief,Masterpiece,214029,Big Thief - Masterpiece,0.705,-7.819,0.419,brooklyn indie
47,2021-03-13 19:35,Big Thief,Masterpiece,214029,Big Thief - Masterpiece,0.705,-7.819,0.419,indie folk
47,2021-03-13 19:35,Big Thief,Masterpiece,214029,Big Thief - Masterpiece,0.705,-7.819,0.419,indie pop
47,2021-03-13 19:35,Big Thief,Masterpiece,214029,Big Thief - Masterpiece,0.705,-7.819,0.419,indie rock
47,2021-03-13 19:35,Big Thief,Masterpiece,214029,Big Thief - Masterpiece,0.705,-7.819,0.419,small room
48,2021-03-13 20:24,Julien Baker,Souvenir,1036,Julien Baker - Souvenir,0.299,-11.192,0.605,ambient folk
48,2021-03-13 20:24,Julien Baker,Souvenir,1036,Julien Baker - Souvenir,0.299,-11.192,0.605,art pop
48,2021-03-13 20:24,Julien Baker,Souvenir,1036,Julien Baker - Souvenir,0.299,-11.192,0.605,indie pop
48,2021-03-13 20:24,Julien Baker,Souvenir,1036,Julien Baker - Souvenir,0.299,-11.192,0.605,indie rock
49,2021-03-13 20:27,Lomelda,Hannah Sun,208382,Lomelda - Hannah Sun,0.266,-17.091,0.67,art pop
49,2021-03-13 20:27,Lomelda,Hannah Sun,208382,Lomelda - Hannah Sun,0.266,-17.091,0.67,bubblegrunge
49,2021-03-13 20:27,Lomelda,Hannah Sun,208382,Lomelda - Hannah Sun,0.266,-17.091,0.67,indie folk
49,2021-03-13 20:27,Lomelda,Hannah Sun,208382,Lomelda - Hannah Sun,0.266,-17.091,0.67,indie pop
49,2021-03-13 20:27,Lomelda,Hannah Sun,208382,Lomelda - Hannah Sun,0.266,-17.091,0.67,indie rock
49,2021-03-13 20:27,Lomelda,Hannah Sun,208382,Lomelda - Hannah Sun,0.266,-17.091,0.67,lo-fi indie
49,2021-03-13 20:27,Lomelda,Hannah Sun,208382,Lomelda - Hannah Sun,0.266,-17.091,0.67,small room
50,2021-03-13 21:48,Adrianne Lenker,two reverse,213322,Adrianne Lenker - two reverse,0.186,-15.401,0.454,art pop
50,2021-03-13 21:48,Adrianne Lenker,two reverse,213322,Adrianne Lenker - two reverse,0.186,-15.401,0.454,chamber pop
50,2021-03-13 21:48,Adrianne Lenker,two reverse,213322,Adrianne Lenker - two reverse,0.186,-15.401,0.454,indie folk
50,2021-03-13 21:48,Adrianne Lenker,two reverse,213322,Adrianne Lenker - two reverse,0.186,-15.401,0.454,indie pop
50,2021-03-13 21:48,Adrianne Lenker,two reverse,213322,Adrianne Lenker - two reverse,0.186,-15.401,0.454,indie rock
50,2021-03-13 21:48,Adrianne Lenker,two reverse,213322,Adrianne Lenker - two reverse,0.186,-15.401,0.454,small room
51,2021-03-14 00:47,Courtney Barnett,Avant Gardener,9962,Courtney Barnett - Avant Gardener,0.737,-4.509,0.443,art pop
51,2021-03-14 00:47,Courtney Barnett,Avant Gardener,9962,Courtney Barnett - Avant Gardener,0.737,-4.509,0.443,australian indie
51,2021-03-14 00:47,Courtney Barnett,Avant Gardener,9962,Courtney Barnett - Avant Gardener,0.737,-4.509,0.443,indie pop
51,2021-03-14 00:47,Courtney Barnett,Avant Gardener,9962,Courtney Barnett - Avant Gardener,0.737,-4.509,0.443,indie rock
51,2021-03-14 00:47,Courtney Barnett,Avant Gardener,9962,Courtney Barnett - Avant Gardener,0.737,-4.509,0.443,melbourne indie
52,2021-03-14 00:47,Adrianne Lenker,two reverse,565,Adrianne Lenker - two reverse,0.186,-15.401,0.454,art pop
52,2021-03-14 00:47,Adrianne Lenker,two reverse,565,Adrianne Lenker - two reverse,0.186,-15.401,0.454,chamber pop
52,2021-03-14 00:47,Adrianne Lenker,two reverse,565,Adrianne Lenker - two reverse,0.186,-15.401,0.454,indie folk
52,2021-03-14 00:47,Adrianne Lenker,two reverse,565,Adrianne Lenker - two reverse,0.186,-15.401,0.454,indie pop
52,2021-03-14 00:47,Adrianne Lenker,two reverse,565,Adrianne Lenker - two reverse,0.186,-15.401,0.454,indie rock
52,2021-03-14 00:47,Adrianne Lenker,two reverse,565,Adrianne Lenker - two reverse,0.186,-15.401,0.454,small room
53,2021-03-14 00:47,Phoebe Bridgers,Funeral,122574,Phoebe Bridgers - Funeral,0.263,-14.416,0.218,indie pop
53,2021-03-14 00:47,Phoebe Bridgers,Funeral,122574,Phoebe Bridgers - Funeral,0.263,-14.416,0.218,la indie
54,2021-03-14 00:47,Julien Baker,Souvenir,608,Julien Baker - Souvenir,0.299,-11.192,0.605,ambient folk
54,2021-03-14 00:47,Julien Baker,Souvenir,608,Julien Baker - Souvenir,0.299,-11.192,0.605,art pop
54,2021-03-14 00:47,Julien Baker,Souvenir,608,Julien Baker - Souvenir,0.299,-11.192,0.605,indie pop
54,2021-03-14 00:47,Julien Baker,Souvenir,608,Julien Baker - Souvenir,0.299,-11.192,0.605,indie rock
55,2021-03-14 00:47,Lomelda,Hannah Sun,543,Lomelda - Hannah Sun,0.266,-17.091,0.67,art pop
55,2021-03-14 00:47,Lomelda,Hannah Sun,543,Lomelda - Hannah Sun,0.266,-17.091,0.67,bubblegrunge
55,2021-03-14 00:47,Lomelda,Hannah Sun,543,Lomelda - Hannah Sun,0.266,-17.091,0.67,indie folk
55,2021-03-14 00:47,Lomelda,Hannah Sun,543,Lomelda - Hannah Sun,0.266,-17.091,0.67,indie pop
55,2021-03-14 00:47,Lomelda,Hannah Sun,543,Lomelda - Hannah Sun,0.266,-17.091,0.67,indie rock
55,2021-03-14 00:47,Lomelda,Hannah Sun,543,Lomelda - Hannah Sun,0.266,-17.091,0.67,lo-fi indie
55,2021-03-14 00:47,Lomelda,Hannah Sun,543,Lomelda - Hannah Sun,0.266,-17.091,0.67,small room
56,2021-03-14 00:51,Phoebe Bridgers,Summer's End - Spotify Singles,234079,Phoebe Bridgers - Summer's End - Spotify Singles,0.302,-13.722,0.471,indie pop
56,2021-03-14 00:51,Phoebe Bridgers,Summer's End - Spotify Singles,234079,Phoebe Bridgers - Summer's End - Spotify Singles,0.302,-13.722,0.471,la indie
57,2021-03-14 00:55,Phoebe Bridgers,Funeral,232373,Phoebe Bridgers - Funeral,0.263,-14.416,0.218,indie pop
57,2021-03-14 00:55,Phoebe Bridgers,Funeral,232373,Phoebe Bridgers - Funeral,0.263,-14.416,0.218,la indie
58,2021-03-14 01:01,Car Seat Headrest,Maud Gone,358240,Car Seat Headrest - Maud Gone,0.362,-7.078,0.53,alternative rock
58,2021-03-14 01:01,Car Seat Headrest,Maud Gone,358240,Car Seat Headrest - Maud Gone,0.362,-7.078,0.53,indie pop
58,2021-03-14 01:01,Car Seat Headrest,Maud Gone,358240,Car Seat Headrest - Maud Gone,0.362,-7.078,0.53,indie rock
59,2021-03-14 01:06,Phoebe Bridgers,Scott Street,305000,Phoebe Bridgers - Scott Street,0.417,-9.632,0.508,indie pop
59,2021-03-14 01:06,Phoebe Bridgers,Scott Street,305000,Phoebe Bridgers - Scott Street,0.417,-9.632,0.508,la indie
60,2021-03-14 01:09,Lucy Dacus,La Vie En Rose,170504,Lucy Dacus - La Vie En Rose,0.507,-12.187,0.545,art pop
60,2021-03-14 01:09,Lucy Dacus,La Vie En Rose,170504,Lucy Dacus - La Vie En Rose,0.507,-12.187,0.545,bubblegrunge
60,2021-03-14 01:09,Lucy Dacus,La Vie En Rose,170504,Lucy Dacus - La Vie En Rose,0.507,-12.187,0.545,indie pop
61,2021-03-14 01:13,Courtney Barnett,Avant Gardener,21150,Courtney Barnett - Avant Gardener,0.737,-4.509,0.443,art pop
61,2021-03-14 01:13,Courtney Barnett,Avant Gardener,21150,Courtney Barnett - Avant Gardener,0.737,-4.509,0.443,australian indie
61,2021-03-14 01:13,Courtney Barnett,Avant Gardener,21150,Courtney Barnett - Avant Gardener,0.737,-4.509,0.443,indie pop
61,2021-03-14 01:13,Courtney Barnett,Avant Gardener,21150,Courtney Barnett - Avant Gardener,0.737,-4.509,0.443,indie rock
61,2021-03-14 01:13,Courtney Barnett,Avant Gardener,21150,Courtney Barnett - Avant Gardener,0.737,-4.509,0.443,melbourne indie
62,2021-03-14 01:13,Phoebe Bridgers,Chinese Satellite,217070,Phoebe Bridgers - Chinese Satellite,0.225,-14.08,0.577,indie pop
62,2021-03-14 01:13,Phoebe Bridgers,Chinese Satellite,217070,Phoebe Bridgers - Chinese Satellite,0.225,-14.08,0.577,la indie
63,2021-03-14 01:16,Adrianne Lenker,anything,202047,Adrianne Lenker - anything,0.291,-12.952,0.388,art pop
63,2021-03-14 01:16,Adrianne Lenker,anything,202047,Adrianne Lenker - anything,0.291,-12.952,0.388,chamber pop
63,2021-03-14 01:16,Adrianne Lenker,anything,202047,Adrianne Lenker - anything,0.291,-12.952,0.388,indie folk
63,2021-03-14 01:16,Adrianne Lenker,anything,202047,Adrianne Lenker - anything,0.291,-12.952,0.388,indie pop
63,2021-03-14 01:16,Adrianne Lenker,anything,202047,Adrianne Lenker - anything,0.291,-12.952,0.388,indie rock
63,2021-03-14 01:16,Adrianne Lenker,anything,202047,Adrianne Lenker - anything,0.291,-12.952,0.388,small room
64,2021-03-14 01:20,Waxahatchee,Lilacs,195600,Waxahatchee - Lilacs,0.696,-9.447,0.74,alabama indie
64,2021-03-14 01:20,Waxahatchee,Lilacs,195600,Waxahatchee - Lilacs,0.696,-9.447,0.74,art pop
64,2021-03-14 01:20,Waxahatchee,Lilacs,195600,Waxahatchee - Lilacs,0.696,-9.447,0.74,bubblegrunge
64,2021-03-14 01:20,Waxahatchee,Lilacs,195600,Waxahatchee - Lilacs,0.696,-9.447,0.74,chamber pop
64,2021-03-14 01:20,Waxahatchee,Lilacs,195600,Waxahatchee - Lilacs,0.696,-9.447,0.74,folk
64,2021-03-14 01:20,Waxahatchee,Lilacs,195600,Waxahatchee - Lilacs,0.696,-9.447,0.74,indie folk
64,2021-03-14 01:20,Waxahatchee,Lilacs,195600,Waxahatchee - Lilacs,0.696,-9.447,0.74,indie pop
64,2021-03-14 01:20,Waxahatchee,Lilacs,195600,Waxahatchee - Lilacs,0.696,-9.447,0.74,indie rock
65,2021-03-14 01:23,Better Oblivion Community Center,Sleepwalkin',192706,Better Oblivion Community Center - Sleepwalkin',0.828,-7.514,0.403,indie pop
66,2021-03-14 01:25,Japanese Breakfast,Diving Woman,126759,Japanese Breakfast - Diving Woman,0.746,-6.722,0.462,art pop
66,2021-03-14 01:25,Japanese Breakfast,Diving Woman,126759,Japanese Breakfast - Diving Woman,0.746,-6.722,0.462,eugene indie
66,2021-03-14 01:25,Japanese Breakfast,Diving Woman,126759,Japanese Breakfast - Diving Woman,0.746,-6.722,0.462,indie pop
66,2021-03-14 01:25,Japanese Breakfast,Diving Woman,126759,Japanese Breakfast - Diving Woman,0.746,-6.722,0.462,philly indie
67,2021-03-14 01:25,Angelo De Augustine,Santa Barbara,2591,Angelo De Augustine - Santa Barbara,0.157,-17.199,0.532,indie folk
67,2021-03-14 01:25,Angelo De Augustine,Santa Barbara,2591,Angelo De Augustine - Santa Barbara,0.157,-17.199,0.532,indie pop
67,2021-03-14 01:25,Angelo De Augustine,Santa Barbara,2591,Angelo De Augustine - Santa Barbara,0.157,-17.199,0.532,small room
68,2021-03-14 01:28,Pinegrove,Old Friends,207720,Pinegrove - Old Friends,0.555,-7.315,0.492,bubblegrunge
68,2021-03-14 01:28,Pinegrove,Old Friends,207720,Pinegrove - Old Friends,0.555,-7.315,0.492,indie folk
68,2021-03-14 01:28,Pinegrove,Old Friends,207720,Pinegrove - Old Friends,0.555,-7.315,0.492,indie pop
68,2021-03-14 01:28,Pinegrove,Old Friends,207720,Pinegrove - Old Friends,0.555,-7.315,0.492,indie rock
68,2021-03-14 01:28,Pinegrove,Old Friends,207720,Pinegrove - Old Friends,0.555,-7.315,0.492,new jersey indie
68,2021-03-14 01:28,Pinegrove,Old Friends,207720,Pinegrove - Old Friends,0.555,-7.315,0.492,small room
69,2021-03-14 01:32,Phoebe Bridgers,Friday I’m In Love - Recorded at Spotify Studios NYC,220812,Phoebe Bridgers - Friday I’m In Love - Recorded at Spotify Studios NYC,0.123,-15.193,0.448,indie pop
69,2021-03-14 01:32,Phoebe Bridgers,Friday I’m In Love - Recorded at Spotify Studios NYC,220812,Phoebe Bridgers - Friday I’m In Love - Recorded at Spotify Studios NYC,0.123,-15.193,0.448,la indie
70,2021-03-14 01:36,Phoebe Bridgers,Garden Song,219681,Phoebe Bridgers - Garden Song,0.274,-16.649,0.426,indie pop
70,2021-03-14 01:36,Phoebe Bridgers,Garden Song,219681,Phoebe Bridgers - Garden Song,0.274,-16.649,0.426,la indie
71,2021-03-14 01:39,Faye Webster,Kingston,202160,Faye Webster - Kingston,0.355,-9.13,0.73,art pop
71,2021-03-14 01:39,Faye Webster,Kingston,202160,Faye Webster - Kingston,0.355,-9.13,0.73,atlanta indie
71,2021-03-14 01:39,Faye Webster,Kingston,202160,Faye Webster - Kingston,0.355,-9.13,0.73,indie pop
72,2021-03-14 01:42,Moses Sumney,Make Out in My Car - Sufjan Stevens Version,166880,Moses Sumney - Make Out in My Car - Sufjan Stevens Version,0.379,-11.655,0.547,alternative r&b
72,2021-03-14 01:42,Moses Sumney,Make Out in My Car - Sufjan Stevens Version,166880,Moses Sumney - Make Out in My Car - Sufjan Stevens Version,0.379,-11.655,0.547,art pop
72,2021-03-14 01:42,Moses Sumney,Make Out in My Car - Sufjan Stevens Version,166880,Moses Sumney - Make Out in My Car - Sufjan Stevens Version,0.379,-11.655,0.547,escape room
72,2021-03-14 01:42,Moses Sumney,Make Out in My Car - Sufjan Stevens Version,166880,Moses Sumney - Make Out in My Car - Sufjan Stevens Version,0.379,-11.655,0.547,indie soul
72,2021-03-14 01:42,Moses Sumney,Make Out in My Car - Sufjan Stevens Version,166880,Moses Sumney - Make Out in My Car - Sufjan Stevens Version,0.379,-11.655,0.547,la pop
73,2021-03-14 01:46,Phoebe Bridgers,Motion Sickness,229760,Phoebe Bridgers - Motion Sickness,0.546,-9.021,0.651,indie pop
73,2021-03-14 01:46,Phoebe Bridgers,Motion Sickness,229760,Phoebe Bridgers - Motion Sickness,0.546,-9.021,0.651,la indie
74,2021-03-14 01:51,Perfume Genius,On the Floor,303600,Perfume Genius - On the Floor,0.727,-6.001,0.412,art pop
74,2021-03-14 01:51,Perfume Genius,On the Floor,303600,Perfume Genius - On the Floor,0.727,-6.001,0.412,chamber pop
74,2021-03-14 01:51,Perfume Genius,On the Floor,303600,Perfume Genius - On the Floor,0.727,-6.001,0.412,chamber psych
74,2021-03-14 01:51,Perfume Genius,On the Floor,303600,Perfume Genius - On the Floor,0.727,-6.001,0.412,chillwave
74,2021-03-14 01:51,Perfume Genius,On the Floor,303600,Perfume Genius - On the Floor,0.727,-6.001,0.412,electropop
74,2021-03-14 01:51,Perfume Genius,On the Floor,303600,Perfume Genius - On the Floor,0.727,-6.001,0.412,experimental pop
74,2021-03-14 01:51,Perfume Genius,On the Floor,303600,Perfume Genius - On the Floor,0.727,-6.001,0.412,indie pop
74,2021-03-14 01:51,Perfume Genius,On the Floor,303600,Perfume Genius - On the Floor,0.727,-6.001,0.412,indie rock
74,2021-03-14 01:51,Perfume Genius,On the Floor,303600,Perfume Genius - On the Floor,0.727,-6.001,0.412,seattle indie
75,2021-03-14 01:54,Japanese Breakfast,Be Sweet,195370,Japanese Breakfast - Be Sweet,0.877,-5.82,0.653,art pop
75,2021-03-14 01:54,Japanese Breakfast,Be Sweet,195370,Japanese Breakfast - Be Sweet,0.877,-5.82,0.653,eugene indie
75,2021-03-14 01:54,Japanese Breakfast,Be Sweet,195370,Japanese Breakfast - Be Sweet,0.877,-5.82,0.653,indie pop
75,2021-03-14 01:54,Japanese Breakfast,Be Sweet,195370,Japanese Breakfast - Be Sweet,0.877,-5.82,0.653,philly indie
76,2021-03-14 01:58,Julien Baker,Souvenir,212467,Julien Baker - Souvenir,0.299,-11.192,0.605,ambient folk
76,2021-03-14 01:58,Julien Baker,Souvenir,212467,Julien Baker - Souvenir,0.299,-11.192,0.605,art pop
76,2021-03-14 01:58,Julien Baker,Souvenir,212467,Julien Baker - Souvenir,0.299,-11.192,0.605,indie pop
76,2021-03-14 01:58,Julien Baker,Souvenir,212467,Julien Baker - Souvenir,0.299,-11.192,0.605,indie rock
77,2021-03-14 02:03,Car Seat Headrest,Sober to Death,304427,Car Seat Headrest - Sober to Death,0.543,-6.857,0.512,alternative rock
77,2021-03-14 02:03,Car Seat Headrest,Sober to Death,304427,Car Seat Headrest - Sober to Death,0.543,-6.857,0.512,indie pop
77,2021-03-14 02:03,Car Seat Headrest,Sober to Death,304427,Car Seat Headrest - Sober to Death,0.543,-6.857,0.512,indie rock
78,2021-03-14 02:05,Frankie Cosmos,Fool,124021,Frankie Cosmos - Fool,0.435,-10.254,0.511,bedroom pop
78,2021-03-14 02:05,Frankie Cosmos,Fool,124021,Frankie Cosmos - Fool,0.435,-10.254,0.511,bubblegrunge
78,2021-03-14 02:05,Frankie Cosmos,Fool,124021,Frankie Cosmos - Fool,0.435,-10.254,0.511,indie garage rock
78,2021-03-14 02:05,Frankie Cosmos,Fool,124021,Frankie Cosmos - Fool,0.435,-10.254,0.511,indie pop
79,2021-03-14 02:08,Big Thief,Paul,183894,Big Thief - Paul,0.263,-11.541,0.446,art pop
79,2021-03-14 02:08,Big Thief,Paul,183894,Big Thief - Paul,0.263,-11.541,0.446,brooklyn indie
79,2021-03-14 02:08,Big Thief,Paul,183894,Big Thief - Paul,0.263,-11.541,0.446,indie folk
79,2021-03-14 02:08,Big Thief,Paul,183894,Big Thief - Paul,0.263,-11.541,0.446,indie pop
79,2021-03-14 02:08,Big Thief,Paul,183894,Big Thief - Paul,0.263,-11.541,0.446,indie rock
79,2021-03-14 02:08,Big Thief,Paul,183894,Big Thief - Paul,0.263,-11.541,0.446,small room
80,2021-03-14 02:10,beabadoobee,Coffee,126824,beabadoobee - Coffee,0.137,-18.208,0.532,bedroom pop
80,2021-03-14 02:10,beabadoobee,Coffee,126824,beabadoobee - Coffee,0.137,-18.208,0.532,bubblegrunge
80,2021-03-14 02:10,beabadoobee,Coffee,126824,beabadoobee - Coffee,0.137,-18.208,0.532,indie pop
81,2021-03-14 02:14,Field Medic,uuu,211394,Field Medic - uuu,0.403,-7.076,0.531,bubblegrunge
81,2021-03-14 02:14,Field Medic,uuu,211394,Field Medic - uuu,0.403,-7.076,0.531,indie pop
81,2021-03-14 02:14,Field Medic,uuu,211394,Field Medic - uuu,0.403,-7.076,0.531,lo-fi indie
81,2021-03-14 02:14,Field Medic,uuu,211394,Field Medic - uuu,0.403,-7.076,0.531,small room
82,2021-03-14 02:17,Phoebe Bridgers,Kyoto,184524,Phoebe Bridgers - Kyoto,0.749,-6.889,0.6,indie pop
82,2021-03-14 02:17,Phoebe Bridgers,Kyoto,184524,Phoebe Bridgers - Kyoto,0.749,-6.889,0.6,la indie
83,2021-03-14 02:20,Perfume Genius,Jason,185826,Perfume Genius - Jason,0.324,-7.6,0.34,art pop
83,2021-03-14 02:20,Perfume Genius,Jason,185826,Perfume Genius - Jason,0.324,-7.6,0.34,chamber pop
83,2021-03-14 02:20,Perfume Genius,Jason,185826,Perfume Genius - Jason,0.324,-7.6,0.34,chamber psych
83,2021-03-14 02:20,Perfume Genius,Jason,185826,Perfume Genius - Jason,0.324,-7.6,0.34,chillwave
83,2021-03-14 02:20,Perfume Genius,Jason,185826,Perfume Genius - Jason,0.324,-7.6,0.34,electropop
83,2021-03-14 02:20,Perfume Genius,Jason,185826,Perfume Genius - Jason,0.324,-7.6,0.34,experimental pop
83,2021-03-14 02:20,Perfume Genius,Jason,185826,Perfume Genius - Jason,0.324,-7.6,0.34,indie pop
83,2021-03-14 02:20,Perfume Genius,Jason,185826,Perfume Genius - Jason,0.324,-7.6,0.34,indie rock
83,2021-03-14 02:20,Perfume Genius,Jason,185826,Perfume Genius - Jason,0.324,-7.6,0.34,seattle indie
84,2021-03-14 02:23,Julien Baker,Me & My Dog,206465,Julien Baker - Me & My Dog,0.509,-9.051,0.487,ambient folk
84,2021-03-14 02:23,Julien Baker,Me & My Dog,206465,Julien Baker - Me & My Dog,0.509,-9.051,0.487,art pop
84,2021-03-14 02:23,Julien Baker,Me & My Dog,206465,Julien Baker - Me & My Dog,0.509,-9.051,0.487,indie pop
84,2021-03-14 02:23,Julien Baker,Me & My Dog,206465,Julien Baker - Me & My Dog,0.509,-9.051,0.487,indie rock
85,2021-03-14 02:24,Phoebe Bridgers,Punisher,43396,Phoebe Bridgers - Punisher,0.227,-12.803,0.32,indie pop
85,2021-03-14 02:24,Phoebe Bridgers,Punisher,43396,Phoebe Bridgers - Punisher,0.227,-12.803,0.32,la indie
86,2021-03-14 02:28,Vulfpeck,Something,236149,Vulfpeck - Something,0.351,-15.132,0.513,ann arbor indie
86,2021-03-14 02:28,Vulfpeck,Something,236149,Vulfpeck - Something,0.351,-15.132,0.513,funk rock
86,2021-03-14 02:28,Vulfpeck,Something,236149,Vulfpeck - Something,0.351,-15.132,0.513,instrumental funk
87,2021-03-14 02:32,Gabriel Garzón-Montano,Crawl,230460,Gabriel Garzón-Montano - Crawl,0.408,-10.144,0.893,alternative r&b
87,2021-03-14 02:32,Gabriel Garzón-Montano,Crawl,230460,Gabriel Garzón-Montano - Crawl,0.408,-10.144,0.893,indie jazz
87,2021-03-14 02:32,Gabriel Garzón-Montano,Crawl,230460,Gabriel Garzón-Montano - Crawl,0.408,-10.144,0.893,indie soul
88,2021-03-14 02:36,Dent May,Take Me To Heaven,268653,Dent May - Take Me To Heaven,0.57,-5.105,0.531,indie fuzzpop
88,2021-03-14 02:36,Dent May,Take Me To Heaven,268653,Dent May - Take Me To Heaven,0.57,-5.105,0.531,mississippi indie
89,2021-03-14 02:41,Bobby Caldwell,What You Won't Do for Love,286493,Bobby Caldwell - What You Won't Do for Love,0.396,-16.843,0.642,yacht rock
90,2021-03-14 02:45,Anthony Wilson,Barry's Tune,261840,Anthony Wilson - Barry's Tune,0.493,-7.844,0.607,jazz guitar
91,2021-03-14 02:49,infinite bisous,Teen Sex,237998,infinite bisous - Teen Sex,0.262,-11.891,0.706,indie garage rock
92,2021-03-14 02:53,Langhorne Slim,Alligator Girl,239960,Langhorne Slim - Alligator Girl,0.296,-10.46,0.522,anti-folk
92,2021-03-14 02:53,Langhorne Slim,Alligator Girl,239960,Langhorne Slim - Alligator Girl,0.296,-10.46,0.522,deep new americana
92,2021-03-14 02:53,Langhorne Slim,Alligator Girl,239960,Langhorne Slim - Alligator Girl,0.296,-10.46,0.522,indie folk
92,2021-03-14 02:53,Langhorne Slim,Alligator Girl,239960,Langhorne Slim - Alligator Girl,0.296,-10.46,0.522,modern folk rock
92,2021-03-14 02:53,Langhorne Slim,Alligator Girl,239960,Langhorne Slim - Alligator Girl,0.296,-10.46,0.522,new americana
92,2021-03-14 02:53,Langhorne Slim,Alligator Girl,239960,Langhorne Slim - Alligator Girl,0.296,-10.46,0.522,stomp and holler
93,2021-03-14 02:58,Wings,Love Is Strange - Remastered 2018,290453,Wings - Love Is Strange - Remastered 2018,0.447,-9.924,0.821,album rock
93,2021-03-14 02:58,Wings,Love Is Strange - Remastered 2018,290453,Wings - Love Is Strange - Remastered 2018,0.447,-9.924,0.821,art rock
93,2021-03-14 02:58,Wings,Love Is Strange - Remastered 2018,290453,Wings - Love Is Strange - Remastered 2018,0.447,-9.924,0.821,beatlesque
93,2021-03-14 02:58,Wings,Love Is Strange - Remastered 2018,290453,Wings - Love Is Strange - Remastered 2018,0.447,-9.924,0.821,classic rock
93,2021-03-14 02:58,Wings,Love Is Strange - Remastered 2018,290453,Wings - Love Is Strange - Remastered 2018,0.447,-9.924,0.821,folk rock
93,2021-03-14 02:58,Wings,Love Is Strange - Remastered 2018,290453,Wings - Love Is Strange - Remastered 2018,0.447,-9.924,0.821,mellow gold
93,2021-03-14 02:58,Wings,Love Is Strange - Remastered 2018,290453,Wings - Love Is Strange - Remastered 2018,0.447,-9.924,0.821,rock
93,2021-03-14 02:58,Wings,Love Is Strange - Remastered 2018,290453,Wings - Love Is Strange - Remastered 2018,0.447,-9.924,0.821,soft rock
94,2021-03-14 03:00,Jealous of the Birds,Marcus,112826,Jealous of the Birds - Marcus,0.244,-14.736,0.641,northern irish indie
96,2021-03-14 03:05,Ohmme,Icon,197799,Ohmme - Icon,0.536,-10.407,0.663,alternative americana
97,2021-03-14 03:08,Mild High Club,You and Me,208285,Mild High Club - You and Me,0.474,-7.815,0.561,indie garage rock
97,2021-03-14 03:08,Mild High Club,You and Me,208285,Mild High Club - You and Me,0.474,-7.815,0.561,neo-psychedelic
98,2021-03-14 03:11,Dr. Dog,Nellie,1642,Dr. Dog - Nellie,0.526,-9.936,0.506,indie folk
98,2021-03-14 03:11,Dr. Dog,Nellie,1642,Dr. Dog - Nellie,0.526,-9.936,0.506,indie rock
98,2021-03-14 03:11,Dr. Dog,Nellie,1642,Dr. Dog - Nellie,0.526,-9.936,0.506,modern folk rock
98,2021-03-14 03:11,Dr. Dog,Nellie,1642,Dr. Dog - Nellie,0.526,-9.936,0.506,modern rock
98,2021-03-14 03:11,Dr. Dog,Nellie,1642,Dr. Dog - Nellie,0.526,-9.936,0.506,philly indie
98,2021-03-14 03:11,Dr. Dog,Nellie,1642,Dr. Dog - Nellie,0.526,-9.936,0.506,stomp and holler
99,2021-03-14 03:11,Jeff Rosenstock,Planet Luxury,16198,Jeff Rosenstock - Planet Luxury,0.994,-4.572,0.321,alternative emo
99,2021-03-14 03:11,Jeff Rosenstock,Planet Luxury,16198,Jeff Rosenstock - Planet Luxury,0.994,-4.572,0.321,bubblegrunge
99,2021-03-14 03:11,Jeff Rosenstock,Planet Luxury,16198,Jeff Rosenstock - Planet Luxury,0.994,-4.572,0.321,emo
99,2021-03-14 03:11,Jeff Rosenstock,Planet Luxury,16198,Jeff Rosenstock - Planet Luxury,0.994,-4.572,0.321,folk punk
99,2021-03-14 03:11,Jeff Rosenstock,Planet Luxury,16198,Jeff Rosenstock - Planet Luxury,0.994,-4.572,0.321,indie punk
99,2021-03-14 03:11,Jeff Rosenstock,Planet Luxury,16198,Jeff Rosenstock - Planet Luxury,0.994,-4.572,0.321,indie rock
99,2021-03-14 03:11,Jeff Rosenstock,Planet Luxury,16198,Jeff Rosenstock - Planet Luxury,0.994,-4.572,0.321,modern power pop
100,2021-03-14 03:11,Vacations,Home,145666,Vacations - Home,0.671,-5.439,0.643,newcastle nsw indie
101,2021-03-14 03:15,Dr. Dog,The Way the Lazy Do,217106,Dr. Dog - The Way the Lazy Do,0.586,-6.102,0.574,indie folk
101,2021-03-14 03:15,Dr. Dog,The Way the Lazy Do,217106,Dr. Dog - The Way the Lazy Do,0.586,-6.102,0.574,indie rock
101,2021-03-14 03:15,Dr. Dog,The Way the Lazy Do,217106,Dr. Dog - The Way the Lazy Do,0.586,-6.102,0.574,modern folk rock
101,2021-03-14 03:15,Dr. Dog,The Way the Lazy Do,217106,Dr. Dog - The Way the Lazy Do,0.586,-6.102,0.574,modern rock
101,2021-03-14 03:15,Dr. Dog,The Way the Lazy Do,217106,Dr. Dog - The Way the Lazy Do,0.586,-6.102,0.574,philly indie
101,2021-03-14 03:15,Dr. Dog,The Way the Lazy Do,217106,Dr. Dog - The Way the Lazy Do,0.586,-6.102,0.574,stomp and holler
102,2021-03-14 03:19,Poolside,Hot In The Shade,233196,Poolside - Hot In The Shade,0.511,-10.66,0.791,alternative dance
102,2021-03-14 03:19,Poolside,Hot In The Shade,233196,Poolside - Hot In The Shade,0.511,-10.66,0.791,indie soul
102,2021-03-14 03:19,Poolside,Hot In The Shade,233196,Poolside - Hot In The Shade,0.511,-10.66,0.791,nu disco
103,2021-03-14 03:22,Jay Som,The Bus Song,216906,Jay Som - The Bus Song,0.511,-6.741,0.448,art pop
103,2021-03-14 03:22,Jay Som,The Bus Song,216906,Jay Som - The Bus Song,0.511,-6.741,0.448,bay area indie
103,2021-03-14 03:22,Jay Som,The Bus Song,216906,Jay Som - The Bus Song,0.511,-6.741,0.448,bubblegrunge
103,2021-03-14 03:22,Jay Som,The Bus Song,216906,Jay Som - The Bus Song,0.511,-6.741,0.448,indie pop
103,2021-03-14 03:22,Jay Som,The Bus Song,216906,Jay Som - The Bus Song,0.511,-6.741,0.448,indie rock
103,2021-03-14 03:22,Jay Som,The Bus Song,216906,Jay Som - The Bus Song,0.511,-6.741,0.448,oakland indie
103,2021-03-14 03:22,Jay Som,The Bus Song,216906,Jay Som - The Bus Song,0.511,-6.741,0.448,small room
104,2021-03-14 03:23,Mos Def,Climb,13178,Mos Def - Climb,0.566,-10.106,0.391,alternative hip hop
104,2021-03-14 03:23,Mos Def,Climb,13178,Mos Def - Climb,0.566,-10.106,0.391,conscious hip hop
104,2021-03-14 03:23,Mos Def,Climb,13178,Mos Def - Climb,0.566,-10.106,0.391,east coast hip hop
104,2021-03-14 03:23,Mos Def,Climb,13178,Mos Def - Climb,0.566,-10.106,0.391,gangster rap
104,2021-03-14 03:23,Mos Def,Climb,13178,Mos Def - Climb,0.566,-10.106,0.391,hardcore hip hop
104,2021-03-14 03:23,Mos Def,Climb,13178,Mos Def - Climb,0.566,-10.106,0.391,hip hop
104,2021-03-14 03:23,Mos Def,Climb,13178,Mos Def - Climb,0.566,-10.106,0.391,rap
104,2021-03-14 03:23,Mos Def,Climb,13178,Mos Def - Climb,0.566,-10.106,0.391,southern hip hop
105,2021-03-14 03:23,Big Thief,Shark Smile,1440,Big Thief - Shark Smile,0.737,-9.31,0.688,art pop
105,2021-03-14 03:23,Big Thief,Shark Smile,1440,Big Thief - Shark Smile,0.737,-9.31,0.688,brooklyn indie
105,2021-03-14 03:23,Big Thief,Shark Smile,1440,Big Thief - Shark Smile,0.737,-9.31,0.688,indie folk
105,2021-03-14 03:23,Big Thief,Shark Smile,1440,Big Thief - Shark Smile,0.737,-9.31,0.688,indie pop
105,2021-03-14 03:23,Big Thief,Shark Smile,1440,Big Thief - Shark Smile,0.737,-9.31,0.688,indie rock
105,2021-03-14 03:23,Big Thief,Shark Smile,1440,Big Thief - Shark Smile,0.737,-9.31,0.688,small room
106,2021-03-14 03:26,Sinkane,Moonstruck,184786,Sinkane - Moonstruck,0.682,-7.668,0.573,sudanese pop
107,2021-03-14 03:29,Allen Toussaint,Southern Nights,210320,Allen Toussaint - Southern Nights,0.361,-12.958,0.611,funk
107,2021-03-14 03:29,Allen Toussaint,Southern Nights,210320,Allen Toussaint - Southern Nights,0.361,-12.958,0.611,louisiana blues
107,2021-03-14 03:29,Allen Toussaint,Southern Nights,210320,Allen Toussaint - Southern Nights,0.361,-12.958,0.611,new orleans blues
107,2021-03-14 03:29,Allen Toussaint,Southern Nights,210320,Allen Toussaint - Southern Nights,0.361,-12.958,0.611,rock keyboard
107,2021-03-14 03:29,Allen Toussaint,Southern Nights,210320,Allen Toussaint - Southern Nights,0.361,-12.958,0.611,roots rock
107,2021-03-14 03:29,Allen Toussaint,Southern Nights,210320,Allen Toussaint - Southern Nights,0.361,-12.958,0.611,soul
107,2021-03-14 03:29,Allen Toussaint,Southern Nights,210320,Allen Toussaint - Southern Nights,0.361,-12.958,0.611,southern soul
108,2021-03-14 03:30,A. G. Cook,Being Harsh,63445,A. G. Cook - Being Harsh,0.162,-15.891,0.588,art pop
108,2021-03-14 03:30,A. G. Cook,Being Harsh,63445,A. G. Cook - Being Harsh,0.162,-15.891,0.588,electropop
108,2021-03-14 03:30,A. G. Cook,Being Harsh,63445,A. G. Cook - Being Harsh,0.162,-15.891,0.588,escape room
108,2021-03-14 03:30,A. G. Cook,Being Harsh,63445,A. G. Cook - Being Harsh,0.162,-15.891,0.588,hyperpop
108,2021-03-14 03:30,A. G. Cook,Being Harsh,63445,A. G. Cook - Being Harsh,0.162,-15.891,0.588,proto-hyperpop
110,2021-03-14 03:34,Courtney Barnett,Dead Fox,213080,Courtney Barnett - Dead Fox,0.69,-5.938,0.574,art pop
110,2021-03-14 03:34,Courtney Barnett,Dead Fox,213080,Courtney Barnett - Dead Fox,0.69,-5.938,0.574,australian indie
110,2021-03-14 03:34,Courtney Barnett,Dead Fox,213080,Courtney Barnett - Dead Fox,0.69,-5.938,0.574,indie pop
110,2021-03-14 03:34,Courtney Barnett,Dead Fox,213080,Courtney Barnett - Dead Fox,0.69,-5.938,0.574,indie rock
110,2021-03-14 03:34,Courtney Barnett,Dead Fox,213080,Courtney Barnett - Dead Fox,0.69,-5.938,0.574,melbourne indie
111,2021-03-14 03:36,Forth Wanderers,Be My Baby,144282,Forth Wanderers - Be My Baby,0.254,-11.985,0.46,bubblegrunge
111,2021-03-14 03:36,Forth Wanderers,Be My Baby,144282,Forth Wanderers - Be My Baby,0.254,-11.985,0.46,new jersey indie
114,2021-03-14 03:39,Christopher Owens,Me Oh My,165477,Christopher Owens - Me Oh My,0.667,-7.615,0.539,bay area indie
118,2021-03-14 03:57,Dr. Dog,Get Away,240733,Dr. Dog - Get Away,0.744,-5.284,0.428,indie folk
118,2021-03-14 03:57,Dr. Dog,Get Away,240733,Dr. Dog - Get Away,0.744,-5.284,0.428,indie rock
118,2021-03-14 03:57,Dr. Dog,Get Away,240733,Dr. Dog - Get Away,0.744,-5.284,0.428,modern folk rock
118,2021-03-14 03:57,Dr. Dog,Get Away,240733,Dr. Dog - Get Away,0.744,-5.284,0.428,modern rock
118,2021-03-14 03:57,Dr. Dog,Get Away,240733,Dr. Dog - Get Away,0.744,-5.284,0.428,philly indie
118,2021-03-14 03:57,Dr. Dog,Get Away,240733,Dr. Dog - Get Away,0.744,-5.284,0.428,stomp and holler
119,2021-03-14 04:00,Jeffrey Martin,Grower of Trees,210306,Jeffrey Martin - Grower of Trees,0.0592,-14.926,0.375,deep new americana
119,2021-03-14 04:00,Jeffrey Martin,Grower of Trees,210306,Jeffrey Martin - Grower of Trees,0.0592,-14.926,0.375,indie folk
119,2021-03-14 04:00,Jeffrey Martin,Grower of Trees,210306,Jeffrey Martin - Grower of Trees,0.0592,-14.926,0.375,new americana
119,2021-03-14 04:00,Jeffrey Martin,Grower of Trees,210306,Jeffrey Martin - Grower of Trees,0.0592,-14.926,0.375,stomp and holler
120,2021-03-14 04:01,Mos Def,Mathematics,1845,Mos Def - Mathematics,0.749,-6.132,0.753,alternative hip hop
120,2021-03-14 04:01,Mos Def,Mathematics,1845,Mos Def - Mathematics,0.749,-6.132,0.753,conscious hip hop
120,2021-03-14 04:01,Mos Def,Mathematics,1845,Mos Def - Mathematics,0.749,-6.132,0.753,east coast hip hop
120,2021-03-14 04:01,Mos Def,Mathematics,1845,Mos Def - Mathematics,0.749,-6.132,0.753,gangster rap
120,2021-03-14 04:01,Mos Def,Mathematics,1845,Mos Def - Mathematics,0.749,-6.132,0.753,hardcore hip hop
120,2021-03-14 04:01,Mos Def,Mathematics,1845,Mos Def - Mathematics,0.749,-6.132,0.753,hip hop
120,2021-03-14 04:01,Mos Def,Mathematics,1845,Mos Def - Mathematics,0.749,-6.132,0.753,rap
120,2021-03-14 04:01,Mos Def,Mathematics,1845,Mos Def - Mathematics,0.749,-6.132,0.753,southern hip hop
121,2021-03-14 04:01,Dr. Dog,"Over Here, Over There",1503,"Dr. Dog - Over Here, Over There",0.879,-4.632,0.286,indie folk
121,2021-03-14 04:01,Dr. Dog,"Over Here, Over There",1503,"Dr. Dog - Over Here, Over There",0.879,-4.632,0.286,indie rock
121,2021-03-14 04:01,Dr. Dog,"Over Here, Over There",1503,"Dr. Dog - Over Here, Over There",0.879,-4.632,0.286,modern folk rock
121,2021-03-14 04:01,Dr. Dog,"Over Here, Over There",1503,"Dr. Dog - Over Here, Over There",0.879,-4.632,0.286,modern rock
121,2021-03-14 04:01,Dr. Dog,"Over Here, Over There",1503,"Dr. Dog - Over Here, Over There",0.879,-4.632,0.286,philly indie
121,2021-03-14 04:01,Dr. Dog,"Over Here, Over There",1503,"Dr. Dog - Over Here, Over There",0.879,-4.632,0.286,stomp and holler
122,2021-03-14 04:01,Fox Academy,mourning song,39150,Fox Academy - mourning song,0.256,-14.257,0.26,indie garage rock
122,2021-03-14 04:01,Fox Academy,mourning song,39150,Fox Academy - mourning song,0.256,-14.257,0.26,indie pop
122,2021-03-14 04:01,Fox Academy,mourning song,39150,Fox Academy - mourning song,0.256,-14.257,0.26,lo-fi indie
123,2021-03-14 04:01,Steelism,The Henchman / The Buffalo,3040,Steelism - The Henchman / The Buffalo,0.655,-8.761,0.34,nashville indie
123,2021-03-14 04:01,Steelism,The Henchman / The Buffalo,3040,Steelism - The Henchman / The Buffalo,0.655,-8.761,0.34,steel guitar
124,2021-03-14 04:01,Big Thief,Objects,1333,Big Thief - Objects,0.486,-10.358,0.677,art pop
124,2021-03-14 04:01,Big Thief,Objects,1333,Big Thief - Objects,0.486,-10.358,0.677,brooklyn indie
124,2021-03-14 04:01,Big Thief,Objects,1333,Big Thief - Objects,0.486,-10.358,0.677,indie folk
124,2021-03-14 04:01,Big Thief,Objects,1333,Big Thief - Objects,0.486,-10.358,0.677,indie pop
124,2021-03-14 04:01,Big Thief,Objects,1333,Big Thief - Objects,0.486,-10.358,0.677,indie rock
124,2021-03-14 04:01,Big Thief,Objects,1333,Big Thief - Objects,0.486,-10.358,0.677,small room
125,2021-03-14 04:01,MorMor,Heaven's Only Wishful,1493,MorMor - Heaven's Only Wishful,0.55,-5.748,0.785,canadian contemporary r&b
126,2021-03-14 04:03,Karriem Riggins,Bahia Dreamin’,130635,Karriem Riggins - Bahia Dreamin’,0.649,-10.455,0.418,alternative hip hop
126,2021-03-14 04:03,Karriem Riggins,Bahia Dreamin’,130635,Karriem Riggins - Bahia Dreamin’,0.649,-10.455,0.418,indie jazz
126,2021-03-14 04:03,Karriem Riggins,Bahia Dreamin’,130635,Karriem Riggins - Bahia Dreamin’,0.649,-10.455,0.418,wonky
127,2021-03-14 04:05,Broken Social Scene,Finish Your Collapse And Stay For Breakfast,84413,Broken Social Scene - Finish Your Collapse And Stay For Breakfast,0.669,-16.506,0.264,alternative dance
127,2021-03-14 04:05,Broken Social Scene,Finish Your Collapse And Stay For Breakfast,84413,Broken Social Scene - Finish Your Collapse And Stay For Breakfast,0.669,-16.506,0.264,alternative rock
127,2021-03-14 04:05,Broken Social Scene,Finish Your Collapse And Stay For Breakfast,84413,Broken Social Scene - Finish Your Collapse And Stay For Breakfast,0.669,-16.506,0.264,baroque pop
127,2021-03-14 04:05,Broken Social Scene,Finish Your Collapse And Stay For Breakfast,84413,Broken Social Scene - Finish Your Collapse And Stay For Breakfast,0.669,-16.506,0.264,canadian indie
127,2021-03-14 04:05,Broken Social Scene,Finish Your Collapse And Stay For Breakfast,84413,Broken Social Scene - Finish Your Collapse And Stay For Breakfast,0.669,-16.506,0.264,canadian rock
127,2021-03-14 04:05,Broken Social Scene,Finish Your Collapse And Stay For Breakfast,84413,Broken Social Scene - Finish Your Collapse And Stay For Breakfast,0.669,-16.506,0.264,chillwave
127,2021-03-14 04:05,Broken Social Scene,Finish Your Collapse And Stay For Breakfast,84413,Broken Social Scene - Finish Your Collapse And Stay For Breakfast,0.669,-16.506,0.264,indie folk
127,2021-03-14 04:05,Broken Social Scene,Finish Your Collapse And Stay For Breakfast,84413,Broken Social Scene - Finish Your Collapse And Stay For Breakfast,0.669,-16.506,0.264,indie pop
127,2021-03-14 04:05,Broken Social Scene,Finish Your Collapse And Stay For Breakfast,84413,Broken Social Scene - Finish Your Collapse And Stay For Breakfast,0.669,-16.506,0.264,indie rock
127,2021-03-14 04:05,Broken Social Scene,Finish Your Collapse And Stay For Breakfast,84413,Broken Social Scene - Finish Your Collapse And Stay For Breakfast,0.669,-16.506,0.264,modern rock
127,2021-03-14 04:05,Broken Social Scene,Finish Your Collapse And Stay For Breakfast,84413,Broken Social Scene - Finish Your Collapse And Stay For Breakfast,0.669,-16.506,0.264,stomp and holler
128,2021-03-14 04:07,Frank Black,I Heard Ramona Sing,0,Frank Black - I Heard Ramona Sing,0.878,-5.877,0.674,alternative pop
128,2021-03-14 04:07,Frank Black,I Heard Ramona Sing,0,Frank Black - I Heard Ramona Sing,0.878,-5.877,0.674,alternative rock
128,2021-03-14 04:07,Frank Black,I Heard Ramona Sing,0,Frank Black - I Heard Ramona Sing,0.878,-5.877,0.674,gbvfi
128,2021-03-14 04:07,Frank Black,I Heard Ramona Sing,0,Frank Black - I Heard Ramona Sing,0.878,-5.877,0.674,power pop
129,2021-03-14 04:07,Kruger Brothers,My Cabin In Caroline,2197,Kruger Brothers - My Cabin In Caroline,0.361,-11.883,0.601,banjo
129,2021-03-14 04:07,Kruger Brothers,My Cabin In Caroline,2197,Kruger Brothers - My Cabin In Caroline,0.361,-11.883,0.601,bluegrass
129,2021-03-14 04:07,Kruger Brothers,My Cabin In Caroline,2197,Kruger Brothers - My Cabin In Caroline,0.361,-11.883,0.601,progressive bluegrass
129,2021-03-14 04:07,Kruger Brothers,My Cabin In Caroline,2197,Kruger Brothers - My Cabin In Caroline,0.361,-11.883,0.601,swiss country
130,2021-03-14 04:07,Chon,Here and There,2549,Chon - Here and There,0.544,-7.229,0.613,djent
130,2021-03-14 04:07,Chon,Here and There,2549,Chon - Here and There,0.544,-7.229,0.613,instrumental math rock
130,2021-03-14 04:07,Chon,Here and There,2549,Chon - Here and There,0.544,-7.229,0.613,instrumental rock
130,2021-03-14 04:07,Chon,Here and There,2549,Chon - Here and There,0.544,-7.229,0.613,progressive jazz fusion
130,2021-03-14 04:07,Chon,Here and There,2549,Chon - Here and There,0.544,-7.229,0.613,san diego indie
131,2021-03-14 04:07,Ramsey Lewis,Summer Breeze,415,Ramsey Lewis - Summer Breeze,0.515,-11.282,0.622,funk
131,2021-03-14 04:07,Ramsey Lewis,Summer Breeze,415,Ramsey Lewis - Summer Breeze,0.515,-11.282,0.622,instrumental soul
131,2021-03-14 04:07,Ramsey Lewis,Summer Breeze,415,Ramsey Lewis - Summer Breeze,0.515,-11.282,0.622,jazz funk
131,2021-03-14 04:07,Ramsey Lewis,Summer Breeze,415,Ramsey Lewis - Summer Breeze,0.515,-11.282,0.622,jazz piano
132,2021-03-14 04:07,Sugar Candy Mountain,Windows,1343,Sugar Candy Mountain - Windows,0.634,-7.805,0.526,bay area indie
132,2021-03-14 04:07,Sugar Candy Mountain,Windows,1343,Sugar Candy Mountain - Windows,0.634,-7.805,0.526,indie garage rock
132,2021-03-14 04:07,Sugar Candy Mountain,Windows,1343,Sugar Candy Mountain - Windows,0.634,-7.805,0.526,neo-psychedelic
132,2021-03-14 04:07,Sugar Candy Mountain,Windows,1343,Sugar Candy Mountain - Windows,0.634,-7.805,0.526,oakland indie
133,2021-03-14 04:07,Christopher Owens,When You Say I Love You,234,Christopher Owens - When You Say I Love You,0.504,-9.321,0.526,bay area indie
134,2021-03-14 04:07,Courtney Barnett,Blue Cheese,1738,Courtney Barnett - Blue Cheese,0.847,-6.611,0.581,art pop
134,2021-03-14 04:07,Courtney Barnett,Blue Cheese,1738,Courtney Barnett - Blue Cheese,0.847,-6.611,0.581,australian indie
134,2021-03-14 04:07,Courtney Barnett,Blue Cheese,1738,Courtney Barnett - Blue Cheese,0.847,-6.611,0.581,indie pop
134,2021-03-14 04:07,Courtney Barnett,Blue Cheese,1738,Courtney Barnett - Blue Cheese,0.847,-6.611,0.581,indie rock
134,2021-03-14 04:07,Courtney Barnett,Blue Cheese,1738,Courtney Barnett - Blue Cheese,0.847,-6.611,0.581,melbourne indie
135,2021-03-14 04:07,Fraternal Twin,Like the Comet,1290,Fraternal Twin - Like the Comet,0.276,-10.602,0.215,small room
136,2021-03-14 04:07,Keenan O'Meara,Rainstorms,150137,Keenan O'Meara - Rainstorms,0.358,-8.941,0.242,ambient folk
137,2021-03-14 04:07,Mitski,Happy,0,Mitski - Happy,0.509,-10.861,0.598,brooklyn indie
138,2021-03-14 04:10,Ricky Eat Acid,My Darling Bby,138000,Ricky Eat Acid - My Darling Bby,0.291,-14.167,0.612,indie garage rock
138,2021-03-14 04:10,Ricky Eat Acid,My Darling Bby,138000,Ricky Eat Acid - My Darling Bby,0.291,-14.167,0.612,indie psych-pop
138,2021-03-14 04:10,Ricky Eat Acid,My Darling Bby,138000,Ricky Eat Acid - My Darling Bby,0.291,-14.167,0.612,lo-fi indie
139,2021-03-14 04:11,Chon,Suda,58918,Chon - Suda,0.947,-6.648,0.479,djent
139,2021-03-14 04:11,Chon,Suda,58918,Chon - Suda,0.947,-6.648,0.479,instrumental math rock
139,2021-03-14 04:11,Chon,Suda,58918,Chon - Suda,0.947,-6.648,0.479,instrumental rock
139,2021-03-14 04:11,Chon,Suda,58918,Chon - Suda,0.947,-6.648,0.479,progressive jazz fusion
139,2021-03-14 04:11,Chon,Suda,58918,Chon - Suda,0.947,-6.648,0.479,san diego indie
140,2021-03-14 04:12,Daft Punk,Human After All,554,Daft Punk - Human After All,0.725,-4.367,0.608,electro
140,2021-03-14 04:12,Daft Punk,Human After All,554,Daft Punk - Human After All,0.725,-4.367,0.608,filter house
141,2021-03-14 04:12,Dr. Dog,Nobody Knows Who You Are,90741,Dr. Dog - Nobody Knows Who You Are,0.776,-6.897,0.343,indie folk
141,2021-03-14 04:12,Dr. Dog,Nobody Knows Who You Are,90741,Dr. Dog - Nobody Knows Who You Are,0.776,-6.897,0.343,indie rock
141,2021-03-14 04:12,Dr. Dog,Nobody Knows Who You Are,90741,Dr. Dog - Nobody Knows Who You Are,0.776,-6.897,0.343,modern folk rock
141,2021-03-14 04:12,Dr. Dog,Nobody Knows Who You Are,90741,Dr. Dog - Nobody Knows Who You Are,0.776,-6.897,0.343,modern rock
141,2021-03-14 04:12,Dr. Dog,Nobody Knows Who You Are,90741,Dr. Dog - Nobody Knows Who You Are,0.776,-6.897,0.343,philly indie
141,2021-03-14 04:12,Dr. Dog,Nobody Knows Who You Are,90741,Dr. Dog - Nobody Knows Who You Are,0.776,-6.897,0.343,stomp and holler
142,2021-03-14 04:12,Dawg Yawp,Lost At Sea,704,Dawg Yawp - Lost At Sea,0.799,-7.08,0.471,cincinnati indie
142,2021-03-14 04:12,Dawg Yawp,Lost At Sea,704,Dawg Yawp - Lost At Sea,0.799,-7.08,0.471,roots americana
144,2021-03-14 04:13,Samm Henshaw,Broke,2368,Samm Henshaw - Broke,0.684,-4.325,0.751,alternative r&b
144,2021-03-14 04:13,Samm Henshaw,Broke,2368,Samm Henshaw - Broke,0.684,-4.325,0.751,british soul
144,2021-03-14 04:13,Samm Henshaw,Broke,2368,Samm Henshaw - Broke,0.684,-4.325,0.751,indie soul
144,2021-03-14 04:13,Samm Henshaw,Broke,2368,Samm Henshaw - Broke,0.684,-4.325,0.751,uk contemporary r&b
145,2021-03-14 04:13,Maya Delilah,Tangerine Dream,1749,Maya Delilah - Tangerine Dream,0.281,-11.003,0.483,uk pop
146,2021-03-14 04:13,Greentea Peng,Downers,8821,Greentea Peng - Downers,0.336,-14.097,0.761,indie r&b
146,2021-03-14 04:13,Greentea Peng,Downers,8821,Greentea Peng - Downers,0.336,-14.097,0.761,indie soul
146,2021-03-14 04:13,Greentea Peng,Downers,8821,Greentea Peng - Downers,0.336,-14.097,0.761,uk contemporary r&b
148,2021-03-14 14:21,Prince Daddy & the Hyena,I Forgot to Take My Meds Today,145215,Prince Daddy & the Hyena - I Forgot to Take My Meds Today,0.938,-4.431,0.403,albany ny indie
148,2021-03-14 14:21,Prince Daddy & the Hyena,I Forgot to Take My Meds Today,145215,Prince Daddy & the Hyena - I Forgot to Take My Meds Today,0.938,-4.431,0.403,alternative emo
148,2021-03-14 14:21,Prince Daddy & the Hyena,I Forgot to Take My Meds Today,145215,Prince Daddy & the Hyena - I Forgot to Take My Meds Today,0.938,-4.431,0.403,bubblegrunge
148,2021-03-14 14:21,Prince Daddy & the Hyena,I Forgot to Take My Meds Today,145215,Prince Daddy & the Hyena - I Forgot to Take My Meds Today,0.938,-4.431,0.403,diy emo
148,2021-03-14 14:21,Prince Daddy & the Hyena,I Forgot to Take My Meds Today,145215,Prince Daddy & the Hyena - I Forgot to Take My Meds Today,0.938,-4.431,0.403,emo
148,2021-03-14 14:21,Prince Daddy & the Hyena,I Forgot to Take My Meds Today,145215,Prince Daddy & the Hyena - I Forgot to Take My Meds Today,0.938,-4.431,0.403,indie garage rock
148,2021-03-14 14:21,Prince Daddy & the Hyena,I Forgot to Take My Meds Today,145215,Prince Daddy & the Hyena - I Forgot to Take My Meds Today,0.938,-4.431,0.403,indie punk
148,2021-03-14 14:21,Prince Daddy & the Hyena,I Forgot to Take My Meds Today,145215,Prince Daddy & the Hyena - I Forgot to Take My Meds Today,0.938,-4.431,0.403,midwest emo
149,2021-03-14 14:21,Lala Lala,Fuck With Your Friends,1462,Lala Lala - Fuck With Your Friends,0.473,-9.903,0.389,art pop
149,2021-03-14 14:21,Lala Lala,Fuck With Your Friends,1462,Lala Lala - Fuck With Your Friends,0.473,-9.903,0.389,bubblegrunge
149,2021-03-14 14:21,Lala Lala,Fuck With Your Friends,1462,Lala Lala - Fuck With Your Friends,0.473,-9.903,0.389,indie folk
149,2021-03-14 14:21,Lala Lala,Fuck With Your Friends,1462,Lala Lala - Fuck With Your Friends,0.473,-9.903,0.389,indie pop
149,2021-03-14 14:21,Lala Lala,Fuck With Your Friends,1462,Lala Lala - Fuck With Your Friends,0.473,-9.903,0.389,indie punk
149,2021-03-14 14:21,Lala Lala,Fuck With Your Friends,1462,Lala Lala - Fuck With Your Friends,0.473,-9.903,0.389,indie rock
150,2021-03-14 14:21,Fox Academy,420,7210,Fox Academy - 420,0.157,-13.078,0.325,indie garage rock
150,2021-03-14 14:21,Fox Academy,420,7210,Fox Academy - 420,0.157,-13.078,0.325,indie pop
150,2021-03-14 14:21,Fox Academy,420,7210,Fox Academy - 420,0.157,-13.078,0.325,lo-fi indie
151,2021-03-14 14:24,Wallows,OK - with Remi Wolf & Solomonophonic,162206,Wallows - OK - with Remi Wolf & Solomonophonic,0.855,-4.401,0.652,indie pop
151,2021-03-14 14:24,Wallows,OK - with Remi Wolf & Solomonophonic,162206,Wallows - OK - with Remi Wolf & Solomonophonic,0.855,-4.401,0.652,modern rock
151,2021-03-14 14:24,Wallows,OK - with Remi Wolf & Solomonophonic,162206,Wallows - OK - with Remi Wolf & Solomonophonic,0.855,-4.401,0.652,pop
152,2021-03-14 14:27,Radiator Hospital,Something Wild,179527,Radiator Hospital - Something Wild,0.16,-15.624,0.648,anti-folk
152,2021-03-14 14:27,Radiator Hospital,Something Wild,179527,Radiator Hospital - Something Wild,0.16,-15.624,0.648,bubblegrunge
152,2021-03-14 14:27,Radiator Hospital,Something Wild,179527,Radiator Hospital - Something Wild,0.16,-15.624,0.648,grand rapids indie
152,2021-03-14 14:27,Radiator Hospital,Something Wild,179527,Radiator Hospital - Something Wild,0.16,-15.624,0.648,indie garage rock
152,2021-03-14 14:27,Radiator Hospital,Something Wild,179527,Radiator Hospital - Something Wild,0.16,-15.624,0.648,indie pop
152,2021-03-14 14:27,Radiator Hospital,Something Wild,179527,Radiator Hospital - Something Wild,0.16,-15.624,0.648,indie punk
152,2021-03-14 14:27,Radiator Hospital,Something Wild,179527,Radiator Hospital - Something Wild,0.16,-15.624,0.648,indie rock
152,2021-03-14 14:27,Radiator Hospital,Something Wild,179527,Radiator Hospital - Something Wild,0.16,-15.624,0.648,lo-fi indie
152,2021-03-14 14:27,Radiator Hospital,Something Wild,179527,Radiator Hospital - Something Wild,0.16,-15.624,0.648,philly indie
154,2021-03-14 14:33,Shelf Life,Sip,111500,Shelf Life - Sip,0.387,-10.65,0.802,lo-fi indie
154,2021-03-14 14:33,Shelf Life,Sip,111500,Shelf Life - Sip,0.387,-10.65,0.802,small room
155,2021-03-14 14:34,Elvis Depressedly,"Jane, Don't You Know Me?",58930,"Elvis Depressedly - Jane, Don't You Know Me?",0.77,-5.986,0.696,anti-folk
155,2021-03-14 14:34,Elvis Depressedly,"Jane, Don't You Know Me?",58930,"Elvis Depressedly - Jane, Don't You Know Me?",0.77,-5.986,0.696,asheville indie
155,2021-03-14 14:34,Elvis Depressedly,"Jane, Don't You Know Me?",58930,"Elvis Depressedly - Jane, Don't You Know Me?",0.77,-5.986,0.696,indie garage rock
155,2021-03-14 14:34,Elvis Depressedly,"Jane, Don't You Know Me?",58930,"Elvis Depressedly - Jane, Don't You Know Me?",0.77,-5.986,0.696,indie psych-pop
155,2021-03-14 14:34,Elvis Depressedly,"Jane, Don't You Know Me?",58930,"Elvis Depressedly - Jane, Don't You Know Me?",0.77,-5.986,0.696,lo-fi indie
155,2021-03-14 14:34,Elvis Depressedly,"Jane, Don't You Know Me?",58930,"Elvis Depressedly - Jane, Don't You Know Me?",0.77,-5.986,0.696,shimmer psych
155,2021-03-14 14:34,Elvis Depressedly,"Jane, Don't You Know Me?",58930,"Elvis Depressedly - Jane, Don't You Know Me?",0.77,-5.986,0.696,small room
156,2021-03-14 14:37,IAN SWEET,Falling Fruit,194779,IAN SWEET - Falling Fruit,0.596,-8.81,0.609,bubblegrunge
156,2021-03-14 14:37,IAN SWEET,Falling Fruit,194779,IAN SWEET - Falling Fruit,0.596,-8.81,0.609,indie pop
156,2021-03-14 14:37,IAN SWEET,Falling Fruit,194779,IAN SWEET - Falling Fruit,0.596,-8.81,0.609,small room
157,2021-03-14 14:38,Fox Academy,i see yr cute decor,68476,Fox Academy - i see yr cute decor,0.431,-9.563,0.182,indie garage rock
157,2021-03-14 14:38,Fox Academy,i see yr cute decor,68476,Fox Academy - i see yr cute decor,0.431,-9.563,0.182,indie pop
157,2021-03-14 14:38,Fox Academy,i see yr cute decor,68476,Fox Academy - i see yr cute decor,0.431,-9.563,0.182,lo-fi indie
158,2021-03-14 14:51,Grandaddy,Where I'm Anymore,366106,Grandaddy - Where I'm Anymore,0.402,-9.466,0.644,alternative rock
158,2021-03-14 14:51,Grandaddy,Where I'm Anymore,366106,Grandaddy - Where I'm Anymore,0.402,-9.466,0.644,anti-folk
158,2021-03-14 14:51,Grandaddy,Where I'm Anymore,366106,Grandaddy - Where I'm Anymore,0.402,-9.466,0.644,chamber pop
158,2021-03-14 14:51,Grandaddy,Where I'm Anymore,366106,Grandaddy - Where I'm Anymore,0.402,-9.466,0.644,indie pop
158,2021-03-14 14:51,Grandaddy,Where I'm Anymore,366106,Grandaddy - Where I'm Anymore,0.402,-9.466,0.644,indie rock
158,2021-03-14 14:51,Grandaddy,Where I'm Anymore,366106,Grandaddy - Where I'm Anymore,0.402,-9.466,0.644,lo-fi
159,2021-03-14 14:53,Free Cake For Every Creature,So Much Strange to Give,143019,Free Cake For Every Creature - So Much Strange to Give,0.842,-9.545,0.592,bubblegrunge
159,2021-03-14 14:53,Free Cake For Every Creature,So Much Strange to Give,143019,Free Cake For Every Creature - So Much Strange to Give,0.842,-9.545,0.592,small room
159,2021-03-14 14:53,Free Cake For Every Creature,So Much Strange to Give,143019,Free Cake For Every Creature - So Much Strange to Give,0.842,-9.545,0.592,twee pop
160,2021-03-14 14:55,Fraternal Twin,Werewolves,75566,Fraternal Twin - Werewolves,0.287,-10.225,0.188,small room
161,2021-03-14 14:59,Mal Blum,"The Bodies, the Zombies!",244426,"Mal Blum - The Bodies, the Zombies!",0.229,-11.109,0.782,anti-folk
161,2021-03-14 14:59,Mal Blum,"The Bodies, the Zombies!",244426,"Mal Blum - The Bodies, the Zombies!",0.229,-11.109,0.782,bubblegrunge
161,2021-03-14 14:59,Mal Blum,"The Bodies, the Zombies!",244426,"Mal Blum - The Bodies, the Zombies!",0.229,-11.109,0.782,folk punk
161,2021-03-14 14:59,Mal Blum,"The Bodies, the Zombies!",244426,"Mal Blum - The Bodies, the Zombies!",0.229,-11.109,0.782,indie pop
161,2021-03-14 14:59,Mal Blum,"The Bodies, the Zombies!",244426,"Mal Blum - The Bodies, the Zombies!",0.229,-11.109,0.782,indie punk
162,2021-03-14 15:00,Sidney Gish,Persephone,69146,Sidney Gish - Persephone,0.278,-16.436,0.758,anti-folk
162,2021-03-14 15:00,Sidney Gish,Persephone,69146,Sidney Gish - Persephone,0.278,-16.436,0.758,bedroom pop
162,2021-03-14 15:00,Sidney Gish,Persephone,69146,Sidney Gish - Persephone,0.278,-16.436,0.758,boston indie
162,2021-03-14 15:00,Sidney Gish,Persephone,69146,Sidney Gish - Persephone,0.278,-16.436,0.758,bubblegrunge
162,2021-03-14 15:00,Sidney Gish,Persephone,69146,Sidney Gish - Persephone,0.278,-16.436,0.758,indie pop
162,2021-03-14 15:00,Sidney Gish,Persephone,69146,Sidney Gish - Persephone,0.278,-16.436,0.758,indie rock
162,2021-03-14 15:00,Sidney Gish,Persephone,69146,Sidney Gish - Persephone,0.278,-16.436,0.758,new jersey indie
163,2021-03-14 16:23,Christian Scott aTunde Adjuah,Diaspora,938,Christian Scott aTunde Adjuah - Diaspora,0.733,-7.37,0.439,contemporary jazz
163,2021-03-14 16:23,Christian Scott aTunde Adjuah,Diaspora,938,Christian Scott aTunde Adjuah - Diaspora,0.733,-7.37,0.439,experimental jazz
163,2021-03-14 16:23,Christian Scott aTunde Adjuah,Diaspora,938,Christian Scott aTunde Adjuah - Diaspora,0.733,-7.37,0.439,indie jazz
163,2021-03-14 16:23,Christian Scott aTunde Adjuah,Diaspora,938,Christian Scott aTunde Adjuah - Diaspora,0.733,-7.37,0.439,indie soul
163,2021-03-14 16:23,Christian Scott aTunde Adjuah,Diaspora,938,Christian Scott aTunde Adjuah - Diaspora,0.733,-7.37,0.439,jazz
163,2021-03-14 16:23,Christian Scott aTunde Adjuah,Diaspora,938,Christian Scott aTunde Adjuah - Diaspora,0.733,-7.37,0.439,jazz trumpet
163,2021-03-14 16:23,Christian Scott aTunde Adjuah,Diaspora,938,Christian Scott aTunde Adjuah - Diaspora,0.733,-7.37,0.439,new orleans jazz
164,2021-03-14 16:23,Vulfpeck,First Place,1248,Vulfpeck - First Place,0.773,-10.383,0.656,ann arbor indie
164,2021-03-14 16:23,Vulfpeck,First Place,1248,Vulfpeck - First Place,0.773,-10.383,0.656,funk rock
164,2021-03-14 16:23,Vulfpeck,First Place,1248,Vulfpeck - First Place,0.773,-10.383,0.656,instrumental funk
165,2021-03-14 16:23,Anderson .Paak,The Waters (feat. BJ the Chicago Kid),0,Anderson .Paak - The Waters (feat. BJ the Chicago Kid),0.678,-6.171,0.671,escape room
166,2021-03-14 16:23,Alex G,Thorns,0,Alex G - Thorns,0.306,-14.128,0.569,dream pop
166,2021-03-14 16:23,Alex G,Thorns,0,Alex G - Thorns,0.306,-14.128,0.569,indie garage rock
166,2021-03-14 16:23,Alex G,Thorns,0,Alex G - Thorns,0.306,-14.128,0.569,indie pop
166,2021-03-14 16:23,Alex G,Thorns,0,Alex G - Thorns,0.306,-14.128,0.569,philly indie
167,2021-03-14 16:23,Christian Scott aTunde Adjuah,Twin,309,Christian Scott aTunde Adjuah - Twin,0.803,-3.95,0.438,contemporary jazz
167,2021-03-14 16:23,Christian Scott aTunde Adjuah,Twin,309,Christian Scott aTunde Adjuah - Twin,0.803,-3.95,0.438,experimental jazz
167,2021-03-14 16:23,Christian Scott aTunde Adjuah,Twin,309,Christian Scott aTunde Adjuah - Twin,0.803,-3.95,0.438,indie jazz
167,2021-03-14 16:23,Christian Scott aTunde Adjuah,Twin,309,Christian Scott aTunde Adjuah - Twin,0.803,-3.95,0.438,indie soul
167,2021-03-14 16:23,Christian Scott aTunde Adjuah,Twin,309,Christian Scott aTunde Adjuah - Twin,0.803,-3.95,0.438,jazz
167,2021-03-14 16:23,Christian Scott aTunde Adjuah,Twin,309,Christian Scott aTunde Adjuah - Twin,0.803,-3.95,0.438,jazz trumpet
167,2021-03-14 16:23,Christian Scott aTunde Adjuah,Twin,309,Christian Scott aTunde Adjuah - Twin,0.803,-3.95,0.438,new orleans jazz
168,2021-03-14 16:23,Hala,Rosenthal,458,Hala - Rosenthal,0.388,-10.461,0.803,indie garage rock
169,2021-03-14 16:23,Kendrick Lamar,FEEL.,0,Kendrick Lamar - FEEL.,0.798,-8.382,0.746,conscious hip hop
169,2021-03-14 16:23,Kendrick Lamar,FEEL.,0,Kendrick Lamar - FEEL.,0.798,-8.382,0.746,hip hop
169,2021-03-14 16:23,Kendrick Lamar,FEEL.,0,Kendrick Lamar - FEEL.,0.798,-8.382,0.746,rap
169,2021-03-14 16:23,Kendrick Lamar,FEEL.,0,Kendrick Lamar - FEEL.,0.798,-8.382,0.746,west coast rap
171,2021-03-14 16:23,Andy Shauf,The Darker Night,2933,Andy Shauf - The Darker Night,0.148,-19.142,0.459,canadian indie folk
171,2021-03-14 16:23,Andy Shauf,The Darker Night,2933,Andy Shauf - The Darker Night,0.148,-19.142,0.459,chamber pop
171,2021-03-14 16:23,Andy Shauf,The Darker Night,2933,Andy Shauf - The Darker Night,0.148,-19.142,0.459,indie folk
171,2021-03-14 16:23,Andy Shauf,The Darker Night,2933,Andy Shauf - The Darker Night,0.148,-19.142,0.459,indie pop
171,2021-03-14 16:23,Andy Shauf,The Darker Night,2933,Andy Shauf - The Darker Night,0.148,-19.142,0.459,indie rock
171,2021-03-14 16:23,Andy Shauf,The Darker Night,2933,Andy Shauf - The Darker Night,0.148,-19.142,0.459,saskatchewan indie
171,2021-03-14 16:23,Andy Shauf,The Darker Night,2933,Andy Shauf - The Darker Night,0.148,-19.142,0.459,stomp and holler
173,2021-03-14 16:23,Vulfpeck,Tee Time,0,Vulfpeck - Tee Time,0.889,-9.708,0.578,ann arbor indie
173,2021-03-14 16:23,Vulfpeck,Tee Time,0,Vulfpeck - Tee Time,0.889,-9.708,0.578,funk rock
173,2021-03-14 16:23,Vulfpeck,Tee Time,0,Vulfpeck - Tee Time,0.889,-9.708,0.578,instrumental funk
174,2021-03-14 16:25,Ricky Eat Acid,Luvin' U,106181,Ricky Eat Acid - Luvin' U,0.667,-13.051,0.482,indie garage rock
174,2021-03-14 16:25,Ricky Eat Acid,Luvin' U,106181,Ricky Eat Acid - Luvin' U,0.667,-13.051,0.482,indie psych-pop
174,2021-03-14 16:25,Ricky Eat Acid,Luvin' U,106181,Ricky Eat Acid - Luvin' U,0.667,-13.051,0.482,lo-fi indie
175,2021-03-14 16:29,Blondie,Once I Had A Love (AKA The Disco Song) - 1975 Version / Remastered 2001,238973,Blondie - Once I Had A Love (AKA The Disco Song) - 1975 Version / Remastered 2001,0.512,-9.595,0.749,candy pop
175,2021-03-14 16:29,Blondie,Once I Had A Love (AKA The Disco Song) - 1975 Version / Remastered 2001,238973,Blondie - Once I Had A Love (AKA The Disco Song) - 1975 Version / Remastered 2001,0.512,-9.595,0.749,new wave
175,2021-03-14 16:29,Blondie,Once I Had A Love (AKA The Disco Song) - 1975 Version / Remastered 2001,238973,Blondie - Once I Had A Love (AKA The Disco Song) - 1975 Version / Remastered 2001,0.512,-9.595,0.749,new wave pop
175,2021-03-14 16:29,Blondie,Once I Had A Love (AKA The Disco Song) - 1975 Version / Remastered 2001,238973,Blondie - Once I Had A Love (AKA The Disco Song) - 1975 Version / Remastered 2001,0.512,-9.595,0.749,permanent wave
175,2021-03-14 16:29,Blondie,Once I Had A Love (AKA The Disco Song) - 1975 Version / Remastered 2001,238973,Blondie - Once I Had A Love (AKA The Disco Song) - 1975 Version / Remastered 2001,0.512,-9.595,0.749,power pop
175,2021-03-14 16:29,Blondie,Once I Had A Love (AKA The Disco Song) - 1975 Version / Remastered 2001,238973,Blondie - Once I Had A Love (AKA The Disco Song) - 1975 Version / Remastered 2001,0.512,-9.595,0.749,rock
176,2021-03-14 16:33,The Dip,B.T.,237013,The Dip - B.T.,0.627,-7.487,0.768,deep new americana
176,2021-03-14 16:33,The Dip,B.T.,237013,The Dip - B.T.,0.627,-7.487,0.768,funk
176,2021-03-14 16:33,The Dip,B.T.,237013,The Dip - B.T.,0.627,-7.487,0.768,retro soul
176,2021-03-14 16:33,The Dip,B.T.,237013,The Dip - B.T.,0.627,-7.487,0.768,soul
177,2021-03-14 16:38,Xenia Rubinos,Lonely Lover,264434,Xenia Rubinos - Lonely Lover,0.422,-4.11,0.864,art pop
177,2021-03-14 16:38,Xenia Rubinos,Lonely Lover,264434,Xenia Rubinos - Lonely Lover,0.422,-4.11,0.864,brooklyn indie
177,2021-03-14 16:38,Xenia Rubinos,Lonely Lover,264434,Xenia Rubinos - Lonely Lover,0.422,-4.11,0.864,escape room
177,2021-03-14 16:38,Xenia Rubinos,Lonely Lover,264434,Xenia Rubinos - Lonely Lover,0.422,-4.11,0.864,lo star
178,2021-03-14 16:45,Unknown Mortal Orchestra,Puzzles,422706,Unknown Mortal Orchestra - Puzzles,0.781,-6.185,0.414,chillwave
178,2021-03-14 16:45,Unknown Mortal Orchestra,Puzzles,422706,Unknown Mortal Orchestra - Puzzles,0.781,-6.185,0.414,indie rock
178,2021-03-14 16:45,Unknown Mortal Orchestra,Puzzles,422706,Unknown Mortal Orchestra - Puzzles,0.781,-6.185,0.414,indie soul
178,2021-03-14 16:45,Unknown Mortal Orchestra,Puzzles,422706,Unknown Mortal Orchestra - Puzzles,0.781,-6.185,0.414,kiwi rock
178,2021-03-14 16:45,Unknown Mortal Orchestra,Puzzles,422706,Unknown Mortal Orchestra - Puzzles,0.781,-6.185,0.414,neo-psychedelic
178,2021-03-14 16:45,Unknown Mortal Orchestra,Puzzles,422706,Unknown Mortal Orchestra - Puzzles,0.781,-6.185,0.414,new rave
178,2021-03-14 16:45,Unknown Mortal Orchestra,Puzzles,422706,Unknown Mortal Orchestra - Puzzles,0.781,-6.185,0.414,portland hip hop
178,2021-03-14 16:45,Unknown Mortal Orchestra,Puzzles,422706,Unknown Mortal Orchestra - Puzzles,0.781,-6.185,0.414,psychedelic pop
179,2021-03-14 16:48,Jacuzzi Boys,Glazin',203906,Jacuzzi Boys - Glazin',0.775,-4.065,0.269,garage pop
179,2021-03-14 16:48,Jacuzzi Boys,Glazin',203906,Jacuzzi Boys - Glazin',0.775,-4.065,0.269,garage rock revival
179,2021-03-14 16:48,Jacuzzi Boys,Glazin',203906,Jacuzzi Boys - Glazin',0.775,-4.065,0.269,indie garage rock
179,2021-03-14 16:48,Jacuzzi Boys,Glazin',203906,Jacuzzi Boys - Glazin',0.775,-4.065,0.269,miami indie
180,2021-03-14 16:52,Shakey Graves,The Perfect Parts,236440,Shakey Graves - The Perfect Parts,0.657,-6.112,0.534,austin americana
180,2021-03-14 16:52,Shakey Graves,The Perfect Parts,236440,Shakey Graves - The Perfect Parts,0.657,-6.112,0.534,austindie
180,2021-03-14 16:52,Shakey Graves,The Perfect Parts,236440,Shakey Graves - The Perfect Parts,0.657,-6.112,0.534,deep new americana
180,2021-03-14 16:52,Shakey Graves,The Perfect Parts,236440,Shakey Graves - The Perfect Parts,0.657,-6.112,0.534,indie folk
180,2021-03-14 16:52,Shakey Graves,The Perfect Parts,236440,Shakey Graves - The Perfect Parts,0.657,-6.112,0.534,new americana
180,2021-03-14 16:52,Shakey Graves,The Perfect Parts,236440,Shakey Graves - The Perfect Parts,0.657,-6.112,0.534,stomp and holler
181,2021-03-14 16:53,Broken Social Scene,Tremola Debut,59453,Broken Social Scene - Tremola Debut,0.0672,-21.703,0.42,alternative dance
181,2021-03-14 16:53,Broken Social Scene,Tremola Debut,59453,Broken Social Scene - Tremola Debut,0.0672,-21.703,0.42,alternative rock
181,2021-03-14 16:53,Broken Social Scene,Tremola Debut,59453,Broken Social Scene - Tremola Debut,0.0672,-21.703,0.42,baroque pop
181,2021-03-14 16:53,Broken Social Scene,Tremola Debut,59453,Broken Social Scene - Tremola Debut,0.0672,-21.703,0.42,canadian indie
181,2021-03-14 16:53,Broken Social Scene,Tremola Debut,59453,Broken Social Scene - Tremola Debut,0.0672,-21.703,0.42,canadian rock
181,2021-03-14 16:53,Broken Social Scene,Tremola Debut,59453,Broken Social Scene - Tremola Debut,0.0672,-21.703,0.42,chillwave
181,2021-03-14 16:53,Broken Social Scene,Tremola Debut,59453,Broken Social Scene - Tremola Debut,0.0672,-21.703,0.42,indie folk
181,2021-03-14 16:53,Broken Social Scene,Tremola Debut,59453,Broken Social Scene - Tremola Debut,0.0672,-21.703,0.42,indie pop
181,2021-03-14 16:53,Broken Social Scene,Tremola Debut,59453,Broken Social Scene - Tremola Debut,0.0672,-21.703,0.42,indie rock
181,2021-03-14 16:53,Broken Social Scene,Tremola Debut,59453,Broken Social Scene - Tremola Debut,0.0672,-21.703,0.42,modern rock
181,2021-03-14 16:53,Broken Social Scene,Tremola Debut,59453,Broken Social Scene - Tremola Debut,0.0672,-21.703,0.42,stomp and holler
182,2021-03-14 16:56,Al Green,Tired of Being Alone,172320,Al Green - Tired of Being Alone,0.397,-8.585,0.772,classic soul
182,2021-03-14 16:56,Al Green,Tired of Being Alone,172320,Al Green - Tired of Being Alone,0.397,-8.585,0.772,funk
182,2021-03-14 16:56,Al Green,Tired of Being Alone,172320,Al Green - Tired of Being Alone,0.397,-8.585,0.772,memphis soul
182,2021-03-14 16:56,Al Green,Tired of Being Alone,172320,Al Green - Tired of Being Alone,0.397,-8.585,0.772,quiet storm
182,2021-03-14 16:56,Al Green,Tired of Being Alone,172320,Al Green - Tired of Being Alone,0.397,-8.585,0.772,soul
182,2021-03-14 16:56,Al Green,Tired of Being Alone,172320,Al Green - Tired of Being Alone,0.397,-8.585,0.772,soul blues
182,2021-03-14 16:56,Al Green,Tired of Being Alone,172320,Al Green - Tired of Being Alone,0.397,-8.585,0.772,southern soul
183,2021-03-14 16:57,Upstate,Tonight You Belong to Me,78106,Upstate - Tonight You Belong to Me,0.014,-11.705,0.535,ny roots
184,2021-03-14 17:00,Little Simz,101 FM,142013,Little Simz - 101 FM,0.547,-9.515,0.79,escape room
184,2021-03-14 17:00,Little Simz,101 FM,142013,Little Simz - 101 FM,0.547,-9.515,0.79,trap queen
186,2021-03-14 17:04,Sweet Spirit,Have Mercy,182071,Sweet Spirit - Have Mercy,0.703,-6.156,0.653,austindie
187,2021-03-14 17:08,Vulfpeck,Wait for the Moment,230676,Vulfpeck - Wait for the Moment,0.36,-9.722,0.773,ann arbor indie
187,2021-03-14 17:08,Vulfpeck,Wait for the Moment,230676,Vulfpeck - Wait for the Moment,0.36,-9.722,0.773,funk rock
187,2021-03-14 17:08,Vulfpeck,Wait for the Moment,230676,Vulfpeck - Wait for the Moment,0.36,-9.722,0.773,instrumental funk
188,2021-03-14 17:11,Blood Red Shoes,It's Getting Boring By The Sea,176160,Blood Red Shoes - It's Getting Boring By The Sea,0.978,-3.018,0.476,alternative dance
188,2021-03-14 17:11,Blood Red Shoes,It's Getting Boring By The Sea,176160,Blood Red Shoes - It's Getting Boring By The Sea,0.978,-3.018,0.476,brighton indie
188,2021-03-14 17:11,Blood Red Shoes,It's Getting Boring By The Sea,176160,Blood Red Shoes - It's Getting Boring By The Sea,0.978,-3.018,0.476,garage rock
188,2021-03-14 17:11,Blood Red Shoes,It's Getting Boring By The Sea,176160,Blood Red Shoes - It's Getting Boring By The Sea,0.978,-3.018,0.476,indie rock
188,2021-03-14 17:11,Blood Red Shoes,It's Getting Boring By The Sea,176160,Blood Red Shoes - It's Getting Boring By The Sea,0.978,-3.018,0.476,modern alternative rock
188,2021-03-14 17:11,Blood Red Shoes,It's Getting Boring By The Sea,176160,Blood Red Shoes - It's Getting Boring By The Sea,0.978,-3.018,0.476,modern rock
188,2021-03-14 17:11,Blood Red Shoes,It's Getting Boring By The Sea,176160,Blood Red Shoes - It's Getting Boring By The Sea,0.978,-3.018,0.476,new rave
189,2021-03-14 17:12,Shakey Graves,Wolfman Agenda,0,Shakey Graves - Wolfman Agenda,0.416,-6.247,0.308,austin americana
189,2021-03-14 17:12,Shakey Graves,Wolfman Agenda,0,Shakey Graves - Wolfman Agenda,0.416,-6.247,0.308,austindie
189,2021-03-14 17:12,Shakey Graves,Wolfman Agenda,0,Shakey Graves - Wolfman Agenda,0.416,-6.247,0.308,deep new americana
189,2021-03-14 17:12,Shakey Graves,Wolfman Agenda,0,Shakey Graves - Wolfman Agenda,0.416,-6.247,0.308,indie folk
189,2021-03-14 17:12,Shakey Graves,Wolfman Agenda,0,Shakey Graves - Wolfman Agenda,0.416,-6.247,0.308,new americana
189,2021-03-14 17:12,Shakey Graves,Wolfman Agenda,0,Shakey Graves - Wolfman Agenda,0.416,-6.247,0.308,stomp and holler
190,2021-03-14 17:12,Mitski,Once More to See You,618,Mitski - Once More to See You,0.411,-13.653,0.542,brooklyn indie
191,2021-03-14 17:12,Denzel Curry,This Life,37809,Denzel Curry - This Life,0.843,-6.74,0.724,dark trap
191,2021-03-14 17:12,Denzel Curry,This Life,37809,Denzel Curry - This Life,0.843,-6.74,0.724,drill
191,2021-03-14 17:12,Denzel Curry,This Life,37809,Denzel Curry - This Life,0.843,-6.74,0.724,hip hop
191,2021-03-14 17:12,Denzel Curry,This Life,37809,Denzel Curry - This Life,0.843,-6.74,0.724,miami hip hop
191,2021-03-14 17:12,Denzel Curry,This Life,37809,Denzel Curry - This Life,0.843,-6.74,0.724,rap
191,2021-03-14 17:12,Denzel Curry,This Life,37809,Denzel Curry - This Life,0.843,-6.74,0.724,underground hip hop
192,2021-03-14 17:12,Jonathan Coulton,Still Alive,671,Jonathan Coulton - Still Alive,0.479,-9.725,0.631,antiviral pop
192,2021-03-14 17:12,Jonathan Coulton,Still Alive,671,Jonathan Coulton - Still Alive,0.479,-9.725,0.631,comic
193,2021-03-14 17:12,Jaala,Salt Shaker,0,Jaala - Salt Shaker,0.679,-5.986,0.559,melbourne indie
194,2021-03-14 17:12,Frankie Cosmos,O Dreaded C Town,2517,Frankie Cosmos - O Dreaded C Town,0.079,-16.993,0.586,bedroom pop
194,2021-03-14 17:12,Frankie Cosmos,O Dreaded C Town,2517,Frankie Cosmos - O Dreaded C Town,0.079,-16.993,0.586,bubblegrunge
194,2021-03-14 17:12,Frankie Cosmos,O Dreaded C Town,2517,Frankie Cosmos - O Dreaded C Town,0.079,-16.993,0.586,indie garage rock
194,2021-03-14 17:12,Frankie Cosmos,O Dreaded C Town,2517,Frankie Cosmos - O Dreaded C Town,0.079,-16.993,0.586,indie pop
195,2021-03-14 17:12,Allah-Las,Mausoleum,0,Allah-Las - Mausoleum,0.554,-7.878,0.418,indie garage rock
195,2021-03-14 17:12,Allah-Las,Mausoleum,0,Allah-Las - Mausoleum,0.554,-7.878,0.418,indie surf
195,2021-03-14 17:12,Allah-Las,Mausoleum,0,Allah-Las - Mausoleum,0.554,-7.878,0.418,neo-psychedelic
195,2021-03-14 17:12,Allah-Las,Mausoleum,0,Allah-Las - Mausoleum,0.554,-7.878,0.418,noise pop
196,2021-03-14 17:12,The Districts,Airplane,117,The Districts - Airplane,0.637,-7.679,0.195,indie rock
196,2021-03-14 17:12,The Districts,Airplane,117,The Districts - Airplane,0.637,-7.679,0.195,lancaster pa indie
197,2021-03-14 17:16,The Equatics,Where Is Love?,276066,The Equatics - Where Is Love?,0.527,-9.589,0.418,psychedelic soul
198,2021-03-14 17:21,Broken Social Scene,Handjobs For The Holidays,279333,Broken Social Scene - Handjobs For The Holidays,0.916,-8.119,0.467,alternative dance
198,2021-03-14 17:21,Broken Social Scene,Handjobs For The Holidays,279333,Broken Social Scene - Handjobs For The Holidays,0.916,-8.119,0.467,alternative rock
198,2021-03-14 17:21,Broken Social Scene,Handjobs For The Holidays,279333,Broken Social Scene - Handjobs For The Holidays,0.916,-8.119,0.467,baroque pop
198,2021-03-14 17:21,Broken Social Scene,Handjobs For The Holidays,279333,Broken Social Scene - Handjobs For The Holidays,0.916,-8.119,0.467,canadian indie
198,2021-03-14 17:21,Broken Social Scene,Handjobs For The Holidays,279333,Broken Social Scene - Handjobs For The Holidays,0.916,-8.119,0.467,canadian rock
198,2021-03-14 17:21,Broken Social Scene,Handjobs For The Holidays,279333,Broken Social Scene - Handjobs For The Holidays,0.916,-8.119,0.467,chillwave
198,2021-03-14 17:21,Broken Social Scene,Handjobs For The Holidays,279333,Broken Social Scene - Handjobs For The Holidays,0.916,-8.119,0.467,indie folk
198,2021-03-14 17:21,Broken Social Scene,Handjobs For The Holidays,279333,Broken Social Scene - Handjobs For The Holidays,0.916,-8.119,0.467,indie pop
198,2021-03-14 17:21,Broken Social Scene,Handjobs For The Holidays,279333,Broken Social Scene - Handjobs For The Holidays,0.916,-8.119,0.467,indie rock
198,2021-03-14 17:21,Broken Social Scene,Handjobs For The Holidays,279333,Broken Social Scene - Handjobs For The Holidays,0.916,-8.119,0.467,modern rock
198,2021-03-14 17:21,Broken Social Scene,Handjobs For The Holidays,279333,Broken Social Scene - Handjobs For The Holidays,0.916,-8.119,0.467,stomp and holler
199,2021-03-14 17:23,Spud Cannon,Funky Town,150000,Spud Cannon - Funky Town,0.694,-8.427,0.725,bubblegrunge
200,2021-03-14 17:26,Karriem Riggins,Bahia Dreamin’,130635,Karriem Riggins - Bahia Dreamin’,0.649,-10.455,0.418,alternative hip hop
200,2021-03-14 17:26,Karriem Riggins,Bahia Dreamin’,130635,Karriem Riggins - Bahia Dreamin’,0.649,-10.455,0.418,indie jazz
200,2021-03-14 17:26,Karriem Riggins,Bahia Dreamin’,130635,Karriem Riggins - Bahia Dreamin’,0.649,-10.455,0.418,wonky
201,2021-03-14 17:29,The O'My's,Cough Drop,199970,The O'My's - Cough Drop,0.119,-13.598,0.545,alternative r&b
202,2021-03-14 17:31,Deerhoof,I Did Crimes For You,116022,Deerhoof - I Did Crimes For You,0.415,-8.642,0.66,art pop
202,2021-03-14 17:31,Deerhoof,I Did Crimes For You,116022,Deerhoof - I Did Crimes For You,0.415,-8.642,0.66,bay area indie
202,2021-03-14 17:31,Deerhoof,I Did Crimes For You,116022,Deerhoof - I Did Crimes For You,0.415,-8.642,0.66,experimental
202,2021-03-14 17:31,Deerhoof,I Did Crimes For You,116022,Deerhoof - I Did Crimes For You,0.415,-8.642,0.66,experimental indie rock
202,2021-03-14 17:31,Deerhoof,I Did Crimes For You,116022,Deerhoof - I Did Crimes For You,0.415,-8.642,0.66,experimental pop
202,2021-03-14 17:31,Deerhoof,I Did Crimes For You,116022,Deerhoof - I Did Crimes For You,0.415,-8.642,0.66,experimental rock
202,2021-03-14 17:31,Deerhoof,I Did Crimes For You,116022,Deerhoof - I Did Crimes For You,0.415,-8.642,0.66,garage psych
202,2021-03-14 17:31,Deerhoof,I Did Crimes For You,116022,Deerhoof - I Did Crimes For You,0.415,-8.642,0.66,indie rock
202,2021-03-14 17:31,Deerhoof,I Did Crimes For You,116022,Deerhoof - I Did Crimes For You,0.415,-8.642,0.66,noise pop
202,2021-03-14 17:31,Deerhoof,I Did Crimes For You,116022,Deerhoof - I Did Crimes For You,0.415,-8.642,0.66,noise rock
203,2021-03-15 01:07,Jain,Lil Mama,248348,Jain - Lil Mama,0.501,-6.274,0.882,french indie pop
204,2021-03-15 03:09,The Barr Brothers,Even the Darkness Has Arms,230518,The Barr Brothers - Even the Darkness Has Arms,0.652,-13.102,0.508,canadian americana
204,2021-03-15 03:09,The Barr Brothers,Even the Darkness Has Arms,230518,The Barr Brothers - Even the Darkness Has Arms,0.652,-13.102,0.508,canadian indie
204,2021-03-15 03:09,The Barr Brothers,Even the Darkness Has Arms,230518,The Barr Brothers - Even the Darkness Has Arms,0.652,-13.102,0.508,deep new americana
204,2021-03-15 03:09,The Barr Brothers,Even the Darkness Has Arms,230518,The Barr Brothers - Even the Darkness Has Arms,0.652,-13.102,0.508,indie folk
204,2021-03-15 03:09,The Barr Brothers,Even the Darkness Has Arms,230518,The Barr Brothers - Even the Darkness Has Arms,0.652,-13.102,0.508,new americana
204,2021-03-15 03:09,The Barr Brothers,Even the Darkness Has Arms,230518,The Barr Brothers - Even the Darkness Has Arms,0.652,-13.102,0.508,stomp and holler
205,2021-03-15 03:13,Vulfpeck,Something,202762,Vulfpeck - Something,0.351,-15.132,0.513,ann arbor indie
205,2021-03-15 03:13,Vulfpeck,Something,202762,Vulfpeck - Something,0.351,-15.132,0.513,funk rock
205,2021-03-15 03:13,Vulfpeck,Something,202762,Vulfpeck - Something,0.351,-15.132,0.513,instrumental funk
207,2021-03-15 14:36,Molly Sarlé,Human,234194,Molly Sarlé - Human,0.424,-8.761,0.554,indie folk
207,2021-03-15 14:36,Molly Sarlé,Human,234194,Molly Sarlé - Human,0.424,-8.761,0.554,north carolina roots
208,2021-03-15 14:50,Electrelane,Enter Laughing,222733,Electrelane - Enter Laughing,0.419,-15.432,0.813,british alternative rock
208,2021-03-15 14:50,Electrelane,Enter Laughing,222733,Electrelane - Enter Laughing,0.419,-15.432,0.813,experimental indie rock
208,2021-03-15 14:50,Electrelane,Enter Laughing,222733,Electrelane - Enter Laughing,0.419,-15.432,0.813,indie rock
211,2021-03-15 15:01,Automatic,Strange Conversations,205920,Automatic - Strange Conversations,0.535,-6.084,0.64,synth punk
212,2021-03-15 15:04,Anjimile,Baby No More,164613,Anjimile - Baby No More,0.615,-8.123,0.89,boston folk
212,2021-03-15 15:04,Anjimile,Baby No More,164613,Anjimile - Baby No More,0.615,-8.123,0.89,boston indie
213,2021-03-15 15:06,Mikal Cronin,Blue Eyed Girl,159779,Mikal Cronin - Blue Eyed Girl,0.233,-15.588,0.7,garage pop
213,2021-03-15 15:06,Mikal Cronin,Blue Eyed Girl,159779,Mikal Cronin - Blue Eyed Girl,0.233,-15.588,0.7,modern power pop
214,2021-03-15 15:10,HAIM,Leaning On You,201440,HAIM - Leaning On You,0.575,-8.342,0.662,art pop
214,2021-03-15 15:10,HAIM,Leaning On You,201440,HAIM - Leaning On You,0.575,-8.342,0.662,indie pop
214,2021-03-15 15:10,HAIM,Leaning On You,201440,HAIM - Leaning On You,0.575,-8.342,0.662,metropopolis
214,2021-03-15 15:10,HAIM,Leaning On You,201440,HAIM - Leaning On You,0.575,-8.342,0.662,pop rock
218,2021-03-15 16:23,The Derevolutions,Just One Look,239990,The Derevolutions - Just One Look,0.932,-5.534,0.762,boston indie
219,2021-03-15 16:28,David Byrne,"Glass, Concrete & Stone",253600,"David Byrne - Glass, Concrete & Stone",0.276,-11.855,0.723,art pop
219,2021-03-15 16:28,David Byrne,"Glass, Concrete & Stone",253600,"David Byrne - Glass, Concrete & Stone",0.276,-11.855,0.723,art punk
219,2021-03-15 16:28,David Byrne,"Glass, Concrete & Stone",253600,"David Byrne - Glass, Concrete & Stone",0.276,-11.855,0.723,art rock
219,2021-03-15 16:28,David Byrne,"Glass, Concrete & Stone",253600,"David Byrne - Glass, Concrete & Stone",0.276,-11.855,0.723,permanent wave
219,2021-03-15 16:28,David Byrne,"Glass, Concrete & Stone",253600,"David Byrne - Glass, Concrete & Stone",0.276,-11.855,0.723,solo wave
220,2021-03-15 16:28,Art Lown,Deep Blue Sea,15295,Art Lown - Deep Blue Sea,0.795,-8.557,0.56,psychedelic folk rock
221,2021-03-15 16:33,Robbie Basho,Clair de lune (For Twelve-String) [Live],282981,Robbie Basho - Clair de lune (For Twelve-String) [Live],0.445,-14.223,0.362,american primitive
221,2021-03-15 16:33,Robbie Basho,Clair de lune (For Twelve-String) [Live],282981,Robbie Basho - Clair de lune (For Twelve-String) [Live],0.445,-14.223,0.362,drone folk
221,2021-03-15 16:33,Robbie Basho,Clair de lune (For Twelve-String) [Live],282981,Robbie Basho - Clair de lune (For Twelve-String) [Live],0.445,-14.223,0.362,new weird america
221,2021-03-15 16:33,Robbie Basho,Clair de lune (For Twelve-String) [Live],282981,Robbie Basho - Clair de lune (For Twelve-String) [Live],0.445,-14.223,0.362,psychedelic folk
222,2021-03-15 16:37,Haley Blais,Best Thing,272756,Haley Blais - Best Thing,0.397,-9.622,0.78,indie pop
222,2021-03-15 16:37,Haley Blais,Best Thing,272756,Haley Blais - Best Thing,0.397,-9.622,0.78,vancouver indie
223,2021-03-15 16:40,Racoma,Get On,197375,Racoma - Get On,0.245,-7.491,0.531,seattle indie
224,2021-03-15 16:44,Esther Rose,Only Loving You,186517,Esther Rose - Only Loving You,0.721,-6.802,0.459,alternative country
224,2021-03-15 16:44,Esther Rose,Only Loving You,186517,Esther Rose - Only Loving You,0.721,-6.802,0.459,indie folk
224,2021-03-15 16:44,Esther Rose,Only Loving You,186517,Esther Rose - Only Loving You,0.721,-6.802,0.459,new orleans americana
225,2021-03-15 16:46,Joey Dosik,Gentle Giant (Bonus Track),122282,Joey Dosik - Gentle Giant (Bonus Track),0.288,-12.12,0.443,retro soul
227,2021-03-15 16:57,Jessica Lea Mayfield,Seein* Starz,224586,Jessica Lea Mayfield - Seein* Starz,0.634,-10.346,0.619,indie folk
228,2021-03-15 17:02,Dora Jar,Multiply,136311,Dora Jar - Multiply,0.223,-12.786,0.695,indie pop
228,2021-03-15 17:02,Dora Jar,Multiply,136311,Dora Jar - Multiply,0.223,-12.786,0.695,indie r&b
230,2021-03-15 17:09,Louis Cole,Below The Valleys,181000,Louis Cole - Below The Valleys,0.731,-8.522,0.759,la pop
231,2021-03-15 17:12,Sudan Archives,Iceland Moss,210515,Sudan Archives - Iceland Moss,0.49,-7.186,0.666,afrofuturism
231,2021-03-15 17:12,Sudan Archives,Iceland Moss,210515,Sudan Archives - Iceland Moss,0.49,-7.186,0.666,alternative r&b
231,2021-03-15 17:12,Sudan Archives,Iceland Moss,210515,Sudan Archives - Iceland Moss,0.49,-7.186,0.666,escape room
231,2021-03-15 17:12,Sudan Archives,Iceland Moss,210515,Sudan Archives - Iceland Moss,0.49,-7.186,0.666,experimental r&b
231,2021-03-15 17:12,Sudan Archives,Iceland Moss,210515,Sudan Archives - Iceland Moss,0.49,-7.186,0.666,indie soul
231,2021-03-15 17:12,Sudan Archives,Iceland Moss,210515,Sudan Archives - Iceland Moss,0.49,-7.186,0.666,la pop
232,2021-03-15 17:15,Shannon Shaw,Goodbye Summer,163280,Shannon Shaw - Goodbye Summer,0.705,-4.776,0.518,alternative americana
233,2021-03-15 17:18,Kathy Heideman,The Earth Won't Hold Me,186772,Kathy Heideman - The Earth Won't Hold Me,0.491,-10.282,0.511,cosmic american
237,2021-03-15 17:39,Stereolab,"Blips, Drips And Strips",267600,"Stereolab - Blips, Drips And Strips",0.677,-8.465,0.683,alternative rock
237,2021-03-15 17:39,Stereolab,"Blips, Drips And Strips",267600,"Stereolab - Blips, Drips And Strips",0.677,-8.465,0.683,art pop
237,2021-03-15 17:39,Stereolab,"Blips, Drips And Strips",267600,"Stereolab - Blips, Drips And Strips",0.677,-8.465,0.683,art rock
237,2021-03-15 17:39,Stereolab,"Blips, Drips And Strips",267600,"Stereolab - Blips, Drips And Strips",0.677,-8.465,0.683,chamber psych
237,2021-03-15 17:39,Stereolab,"Blips, Drips And Strips",267600,"Stereolab - Blips, Drips And Strips",0.677,-8.465,0.683,electronica
237,2021-03-15 17:39,Stereolab,"Blips, Drips And Strips",267600,"Stereolab - Blips, Drips And Strips",0.677,-8.465,0.683,experimental
237,2021-03-15 17:39,Stereolab,"Blips, Drips And Strips",267600,"Stereolab - Blips, Drips And Strips",0.677,-8.465,0.683,experimental pop
237,2021-03-15 17:39,Stereolab,"Blips, Drips And Strips",267600,"Stereolab - Blips, Drips And Strips",0.677,-8.465,0.683,indietronica
237,2021-03-15 17:39,Stereolab,"Blips, Drips And Strips",267600,"Stereolab - Blips, Drips And Strips",0.677,-8.465,0.683,noise pop
238,2021-03-15 17:44,Cosmo Pyke,Social Sites,289308,Cosmo Pyke - Social Sites,0.618,-4.964,0.411,uk contemporary r&b
239,2021-03-15 17:47,Jonwayne,Altitude,195286,Jonwayne - Altitude,0.522,-8.465,0.559,alternative hip hop
239,2021-03-15 17:47,Jonwayne,Altitude,195286,Jonwayne - Altitude,0.522,-8.465,0.559,escape room
239,2021-03-15 17:47,Jonwayne,Altitude,195286,Jonwayne - Altitude,0.522,-8.465,0.559,wonky
240,2021-03-15 17:57,Lester Young,Our Love Is Here To Stay,372832,Lester Young - Our Love Is Here To Stay,0.213,-15.257,0.644,bebop
240,2021-03-15 17:57,Lester Young,Our Love Is Here To Stay,372832,Lester Young - Our Love Is Here To Stay,0.213,-15.257,0.644,big band
240,2021-03-15 17:57,Lester Young,Our Love Is Here To Stay,372832,Lester Young - Our Love Is Here To Stay,0.213,-15.257,0.644,hard bop
240,2021-03-15 17:57,Lester Young,Our Love Is Here To Stay,372832,Lester Young - Our Love Is Here To Stay,0.213,-15.257,0.644,jazz
240,2021-03-15 17:57,Lester Young,Our Love Is Here To Stay,372832,Lester Young - Our Love Is Here To Stay,0.213,-15.257,0.644,jazz saxophone
240,2021-03-15 17:57,Lester Young,Our Love Is Here To Stay,372832,Lester Young - Our Love Is Here To Stay,0.213,-15.257,0.644,stride
240,2021-03-15 17:57,Lester Young,Our Love Is Here To Stay,372832,Lester Young - Our Love Is Here To Stay,0.213,-15.257,0.644,swing
240,2021-03-15 17:57,Lester Young,Our Love Is Here To Stay,372832,Lester Young - Our Love Is Here To Stay,0.213,-15.257,0.644,vocal jazz
241,2021-03-15 18:01,Vulfpeck,Off and Away,243115,Vulfpeck - Off and Away,0.258,-10.717,0.468,ann arbor indie
241,2021-03-15 18:01,Vulfpeck,Off and Away,243115,Vulfpeck - Off and Away,0.258,-10.717,0.468,funk rock
241,2021-03-15 18:01,Vulfpeck,Off and Away,243115,Vulfpeck - Off and Away,0.258,-10.717,0.468,instrumental funk
242,2021-03-15 18:59,Chon,Book,1972,Chon - Book,0.809,-6.701,0.607,djent
242,2021-03-15 18:59,Chon,Book,1972,Chon - Book,0.809,-6.701,0.607,instrumental math rock
242,2021-03-15 18:59,Chon,Book,1972,Chon - Book,0.809,-6.701,0.607,instrumental rock
242,2021-03-15 18:59,Chon,Book,1972,Chon - Book,0.809,-6.701,0.607,progressive jazz fusion
242,2021-03-15 18:59,Chon,Book,1972,Chon - Book,0.809,-6.701,0.607,san diego indie
243,2021-03-15 18:59,Broken Social Scene,Anthems For A Seventeen Year-Old Girl,275693,Broken Social Scene - Anthems For A Seventeen Year-Old Girl,0.446,-9.415,0.466,alternative dance
243,2021-03-15 18:59,Broken Social Scene,Anthems For A Seventeen Year-Old Girl,275693,Broken Social Scene - Anthems For A Seventeen Year-Old Girl,0.446,-9.415,0.466,alternative rock
243,2021-03-15 18:59,Broken Social Scene,Anthems For A Seventeen Year-Old Girl,275693,Broken Social Scene - Anthems For A Seventeen Year-Old Girl,0.446,-9.415,0.466,baroque pop
243,2021-03-15 18:59,Broken Social Scene,Anthems For A Seventeen Year-Old Girl,275693,Broken Social Scene - Anthems For A Seventeen Year-Old Girl,0.446,-9.415,0.466,canadian indie
243,2021-03-15 18:59,Broken Social Scene,Anthems For A Seventeen Year-Old Girl,275693,Broken Social Scene - Anthems For A Seventeen Year-Old Girl,0.446,-9.415,0.466,canadian rock
243,2021-03-15 18:59,Broken Social Scene,Anthems For A Seventeen Year-Old Girl,275693,Broken Social Scene - Anthems For A Seventeen Year-Old Girl,0.446,-9.415,0.466,chillwave
243,2021-03-15 18:59,Broken Social Scene,Anthems For A Seventeen Year-Old Girl,275693,Broken Social Scene - Anthems For A Seventeen Year-Old Girl,0.446,-9.415,0.466,indie folk
243,2021-03-15 18:59,Broken Social Scene,Anthems For A Seventeen Year-Old Girl,275693,Broken Social Scene - Anthems For A Seventeen Year-Old Girl,0.446,-9.415,0.466,indie pop
243,2021-03-15 18:59,Broken Social Scene,Anthems For A Seventeen Year-Old Girl,275693,Broken Social Scene - Anthems For A Seventeen Year-Old Girl,0.446,-9.415,0.466,indie rock
243,2021-03-15 18:59,Broken Social Scene,Anthems For A Seventeen Year-Old Girl,275693,Broken Social Scene - Anthems For A Seventeen Year-Old Girl,0.446,-9.415,0.466,modern rock
243,2021-03-15 18:59,Broken Social Scene,Anthems For A Seventeen Year-Old Girl,275693,Broken Social Scene - Anthems For A Seventeen Year-Old Girl,0.446,-9.415,0.466,stomp and holler
244,2021-03-15 19:03,Bahamas,Trick To Happy,204453,Bahamas - Trick To Happy,0.289,-9.658,0.755,canadian indie
244,2021-03-15 19:03,Bahamas,Trick To Happy,204453,Bahamas - Trick To Happy,0.289,-9.658,0.755,indie folk
244,2021-03-15 19:03,Bahamas,Trick To Happy,204453,Bahamas - Trick To Happy,0.289,-9.658,0.755,stomp and holler
245,2021-03-15 19:03,Sithu Aye,A Rival Appears!,1375,Sithu Aye - A Rival Appears!,0.839,-4.8,0.38,djent
245,2021-03-15 19:03,Sithu Aye,A Rival Appears!,1375,Sithu Aye - A Rival Appears!,0.839,-4.8,0.38,instrumental djent
245,2021-03-15 19:03,Sithu Aye,A Rival Appears!,1375,Sithu Aye - A Rival Appears!,0.839,-4.8,0.38,progressive jazz fusion
245,2021-03-15 19:03,Sithu Aye,A Rival Appears!,1375,Sithu Aye - A Rival Appears!,0.839,-4.8,0.38,scottish metal
246,2021-03-15 19:03,Sithu Aye,Summer Break!,35857,Sithu Aye - Summer Break!,0.846,-5.283,0.465,djent
246,2021-03-15 19:03,Sithu Aye,Summer Break!,35857,Sithu Aye - Summer Break!,0.846,-5.283,0.465,instrumental djent
246,2021-03-15 19:03,Sithu Aye,Summer Break!,35857,Sithu Aye - Summer Break!,0.846,-5.283,0.465,progressive jazz fusion
246,2021-03-15 19:03,Sithu Aye,Summer Break!,35857,Sithu Aye - Summer Break!,0.846,-5.283,0.465,scottish metal
248,2021-03-15 19:10,Kruger Brothers,Drought,208000,Kruger Brothers - Drought,0.381,-14.411,0.426,banjo
248,2021-03-15 19:10,Kruger Brothers,Drought,208000,Kruger Brothers - Drought,0.381,-14.411,0.426,bluegrass
248,2021-03-15 19:10,Kruger Brothers,Drought,208000,Kruger Brothers - Drought,0.381,-14.411,0.426,progressive bluegrass
248,2021-03-15 19:10,Kruger Brothers,Drought,208000,Kruger Brothers - Drought,0.381,-14.411,0.426,swiss country
250,2021-03-15 19:28,Florist,Shadow Bloom,140348,Florist - Shadow Bloom,0.14,-15.756,0.453,anti-folk
250,2021-03-15 19:28,Florist,Shadow Bloom,140348,Florist - Shadow Bloom,0.14,-15.756,0.453,indie pop
250,2021-03-15 19:28,Florist,Shadow Bloom,140348,Florist - Shadow Bloom,0.14,-15.756,0.453,lo-fi indie
250,2021-03-15 19:28,Florist,Shadow Bloom,140348,Florist - Shadow Bloom,0.14,-15.756,0.453,small room
